[1,["1bca78735@6c48a"],["_textureSource"],["cc.SpriteFrame"],0,[[[{"name":"jz_fireball_boom_00012","rect":{"x":2,"y":2,"width":400,"height":350},"offset":{"x":0,"y":0},"originalSize":{"width":400,"height":350},"rotated":false,"capInsets":[0,0,0,0],"packable":true,"pixelsToUnit":100,"pivot":{"x":0.5,"y":0.5},"meshType":0}],[0],0,[0],[0],[0]],[[{"name":"jz_fireball_boom_00004","rect":{"x":406,"y":2,"width":400,"height":350},"offset":{"x":0,"y":0},"originalSize":{"width":400,"height":350},"rotated":false,"capInsets":[0,0,0,0],"packable":true,"pixelsToUnit":100,"pivot":{"x":0.5,"y":0.5},"meshType":0}],[0],0,[0],[0],[0]],[[{"name":"jz_fireball_boom_00011","rect":{"x":810,"y":2,"width":400,"height":350},"offset":{"x":0,"y":0},"originalSize":{"width":400,"height":350},"rotated":false,"capInsets":[0,0,0,0],"packable":true,"pixelsToUnit":100,"pivot":{"x":0.5,"y":0.5},"meshType":0}],[0],0,[0],[0],[0]],[[{"name":"jz_fireball_boom_00000","rect":{"x":1214,"y":2,"width":400,"height":350},"offset":{"x":0,"y":0},"originalSize":{"width":400,"height":350},"rotated":false,"capInsets":[0,0,0,0],"packable":true,"pixelsToUnit":100,"pivot":{"x":0.5,"y":0.5},"meshType":0}],[0],0,[0],[0],[0]],[[{"name":"jz_fireball_boom_00003","rect":{"x":1618,"y":2,"width":400,"height":350},"offset":{"x":0,"y":0},"originalSize":{"width":400,"height":350},"rotated":false,"capInsets":[0,0,0,0],"packable":true,"pixelsToUnit":100,"pivot":{"x":0.5,"y":0.5},"meshType":0}],[0],0,[0],[0],[0]],[[{"name":"jz_fireball_boom_00001","rect":{"x":2,"y":356,"width":400,"height":350},"offset":{"x":0,"y":0},"originalSize":{"width":400,"height":350},"rotated":false,"capInsets":[0,0,0,0],"packable":true,"pixelsToUnit":100,"pivot":{"x":0.5,"y":0.5},"meshType":0}],[0],0,[0],[0],[0]],[[{"name":"jz_fireball_boom_00005","rect":{"x":406,"y":356,"width":400,"height":350},"offset":{"x":0,"y":0},"originalSize":{"width":400,"height":350},"rotated":false,"capInsets":[0,0,0,0],"packable":true,"pixelsToUnit":100,"pivot":{"x":0.5,"y":0.5},"meshType":0}],[0],0,[0],[0],[0]],[[{"name":"jz_fireball_boom_00010","rect":{"x":810,"y":356,"width":400,"height":350},"offset":{"x":0,"y":0},"originalSize":{"width":400,"height":350},"rotated":false,"capInsets":[0,0,0,0],"packable":true,"pixelsToUnit":100,"pivot":{"x":0.5,"y":0.5},"meshType":0}],[0],0,[0],[0],[0]],[[{"name":"jz_fireball_boom_00006","rect":{"x":1214,"y":356,"width":400,"height":350},"offset":{"x":0,"y":0},"originalSize":{"width":400,"height":350},"rotated":false,"capInsets":[0,0,0,0],"packable":true,"pixelsToUnit":100,"pivot":{"x":0.5,"y":0.5},"meshType":0}],[0],0,[0],[0],[0]],[[{"name":"jz_fireball_boom_00008","rect":{"x":1618,"y":356,"width":400,"height":350},"offset":{"x":0,"y":0},"originalSize":{"width":400,"height":350},"rotated":false,"capInsets":[0,0,0,0],"packable":true,"pixelsToUnit":100,"pivot":{"x":0.5,"y":0.5},"meshType":0}],[0],0,[0],[0],[0]],[[{"name":"jz_fireball_boom_00007","rect":{"x":2,"y":710,"width":400,"height":350},"offset":{"x":0,"y":0},"originalSize":{"width":400,"height":350},"rotated":false,"capInsets":[0,0,0,0],"packable":true,"pixelsToUnit":100,"pivot":{"x":0.5,"y":0.5},"meshType":0}],[0],0,[0],[0],[0]],[[{"name":"jz_fireball_boom_00002","rect":{"x":406,"y":710,"width":400,"height":350},"offset":{"x":0,"y":0},"originalSize":{"width":400,"height":350},"rotated":false,"capInsets":[0,0,0,0],"packable":true,"pixelsToUnit":100,"pivot":{"x":0.5,"y":0.5},"meshType":0}],[0],0,[0],[0],[0]],[[{"name":"jz_fireball_boom_00009","rect":{"x":810,"y":710,"width":400,"height":350},"offset":{"x":0,"y":0},"originalSize":{"width":400,"height":350},"rotated":false,"capInsets":[0,0,0,0],"packable":true,"pixelsToUnit":100,"pivot":{"x":0.5,"y":0.5},"meshType":0}],[0],0,[0],[0],[0]]]]
