[1,["be6eqI4AVJu42tj76HKsQX","f30M6WertEqpWoJWuqIViD@cc680","d3x4IMKphEKYvHuEU7yaxB","12Y9dMgWdJKJGmTiZyQR9H@a804a","11naWO5HBKjY1Cq0n6YqFV@6c48a","a7YStUNeNCOKGpSntUY1g5","1brw/JvvpFnIvdrxpFCgMZ","a2rcgEMFFNBokEjIdovh2f","2caMlTJEpPoYct3rQi2uwf@bfb31"],["_parent","node","_mesh","_effectAsset","root","mainTexture","data"],[["cc.Node",["_name","_prefab","_parent","_lpos","_components","_children","_lrot","_euler","_lscale"],2,4,1,5,9,12,5,5,5],["cc.MeshRenderer",["_shadowCastingMode","_name","_enabled","node","__prefab","_materials","bakeSettings","_mesh"],0,1,4,3,4,6],["cc.Node",["_name","_children","_prefab","_parent","_lpos"],2,9,4,1,5],["cc.Material",["_name","_states","_defines","_props"],0,12],["cc.Material",["_name","_props","_defines"],0],["cc.Prefab",["_name"],2],["cc.Node",["_name","_parent","_children","_prefab"],2,1,2,4],["cc.PrefabInfo",["fileId","instance","targetOverrides","nestedPrefabInstanceRoots","root","asset"],-1,1,1],["2676exKyutAEpl/fVo7GGFs",["node","__prefab"],3,1,4],["cc.CompPrefabInfo",["fileId"],2],["cc.ModelBakeSettings",[],3]],[[7,0,1,2,3,4,5,5],[0,0,2,1,3,2],[9,0,2],[10,1],[0,0,2,1,3,6,7,2],[0,0,2,4,1,3,2],[1,3,4,5,6,7,1],[0,0,2,1,2],[0,0,2,4,1,3,8,2],[2,0,3,1,2,2],[1,1,2,3,4,5,6,7,3],[3,0,1,2,3,4],[4,0,1,2,4],[5,0,2],[0,0,5,1,3,2],[0,0,2,5,4,1,3,2],[0,0,2,5,1,2],[0,0,2,4,1,2],[2,0,1,2,4,2],[6,0,1,2,3,2],[8,0,1,1],[1,0,3,4,5,6,7,2]],[[[[11,"Sandbag",[{"rasterizerState":{},"depthStencilState":{},"blendState":{"targets":[{}]}},{"rasterizerState":{},"depthStencilState":{},"blendState":{"targets":[{}]}},{"rasterizerState":{},"depthStencilState":{},"blendState":{"targets":[{}]}},{"rasterizerState":{},"depthStencilState":{},"blendState":{"targets":[{}]}}],[{},{"USE_BASE_COLOR_MAP":true,"BASE_COLOR_MAP_AS_SHADE_MAP_1":true,"BASE_COLOR_MAP_AS_SHADE_MAP_2":true},{},{}],[[{},[{},"mainColor",8,[4,4294967295],"specular",8,[4,1835559016],"mainTexture",6,0],{},{}],0,11,0,0]]],0,0,[0,0],[5,3],[4,5]],[[[12,"default-material",[{"roughness":0.8,"metallic":0.6}],[{}]]],0,0,[0],[3],[6]],[[[13,"P999"],[14,"P999",[[-2,-3,-4,-5,-6,-7,-8,-9,[1,"prop",-11,[0,"e046jfvdhLT6xlOmnvnQzC",null,null,null,-10,0],[1,0,0,10]],-12],1,1,1,1,1,1,1,1,4,1],[0,"fbH1PWxSpPc7C4UCswwu6I",null,null,null,-1,0],[1,-1.822,0,-67.417]],[9,"decorate",1,[[1,"Decorate",-13,[0,"b7slzauFlKL5V0cVGWmIpz",null,null,null,1,0],[1,-10,0,5]],[4,"Decorate",-14,[0,"e9VbYsJS5Pk7T9RTKs2UFP",null,null,null,1,0],[1,10,0,5],[3,0,1,0,6.123233995736766e-17],[1,0,180,0]],[1,"Decorate",-15,[0,"2d5vWaZYBE2Y79fVqMqs6a",null,null,null,1,0],[1,-10,0,25]],[4,"Decorate",-16,[0,"4bnqlGJsJAIKZU/IzSO8iV",null,null,null,1,0],[1,10,0,25],[3,0,1,0,6.123233995736766e-17],[1,0,180,0]],[1,"Decorate",-17,[0,"05iOmYjNxO5YNwJ/TPEQo1",null,null,null,1,0],[1,-10,0,15]],[4,"Decorate",-18,[0,"a8AywBl55Gj7pPFb98Ap5a",null,null,null,1,0],[1,10,0,15],[3,0,1,0,6.123233995736766e-17],[1,0,180,0]],[1,"Decorate",-19,[0,"0490ThGT5BJ7bx7yxfdDRt",null,null,null,1,0],[1,-10,0,35]],[4,"Decorate",-20,[0,"2chFFUvgtIoZFiYe8Eefbq",null,null,null,1,0],[1,10,0,35],[3,0,1,0,6.123233995736766e-17],[1,0,180,0]],[1,"Decorate",-21,[0,"22Db9IvqVA5aUxyc6uPesK",null,null,null,1,0],[1,-10,0,45]],[4,"Decorate",-22,[0,"e3jvY8Vr1FNKTHZfXbkXaJ",null,null,null,1,0],[1,10,0,45],[3,0,1,0,6.123233995736766e-17],[1,0,180,0]]],[0,"f6ZHBEkYFN2YXf6xIRj2vm",null,null,null,1,0]],[15,"endMark",1,[[-24,[1,"formation",-25,[0,"bacDLeWVZFuJHHV+LmYSr/",null,null,null,1,0],[1,0,0,1.5]],-26,-27,[7,"p0",-28,[0,"6fgcZtBuVOHoWgegeNea7n",null,null,null,1,0]],[1,"p1",-29,[0,"a5wOzoEUZD0p9u4iPV/LI9",null,null,null,1,0],[1,0,0,1.5]]],1,4,1,1,4,4],[[20,-23,[2,"f6wepGRwFOEZ8uLp3qhTSW"]]],[0,"dcy4SGImZAZYYvtDfn9nNU",null,null,null,1,0],[1,0,0,20]],[9,"path",1,[[7,"0",-30,[0,"07wu2nTXtBTJaTgHDdDUc6",null,null,null,1,0]],[1,"1",-31,[0,"3bRXjl/YFLE6NGRgmP/v0J",null,null,null,1,0],[1,0,0,20]]],[0,"b4WOcOwmxI/YAByeSk+sFF",null,null,null,1,0]],[16,"enemy",1,[[-32,[1,"trigger",-33,[0,"18gERdHudFiZIfdJ2XHXXn",null,null,null,1,0],[1,0,0,15]]],1,4],[0,"97nI/quaJKlpD8oAxvQunR",null,null,null,1,0]],[18,"0",[[7,"0",-34,[0,"92SbSh0GNK3LqdoiNni3CE",null,null,null,1,0]],[1,"1",-35,[0,"74wcFDT8lO0bcsZQoG38Um",null,null,null,1,0],[1,0,0,17.737]]],[0,"c7ZT4ItpZII7y6dc5mlU9t",null,null,null,1,0],[1,0,0,-5]],[5,"road",1,[[6,-36,[2,"e9dKwCWmJEUo/7NMUHPGvo"],[0],[3],1]],[0,"54PQoCBzxNyKjyrZY/9jQ3",null,null,null,1,0],[1,0,0,5]],[5,"road",1,[[6,-37,[2,"24gQI8mvBP7oHm6v3aqDzo"],[2],[3],3]],[0,"400d9FPj1JQalnC+uaUNj4",null,null,null,1,0],[1,0,0,15]],[5,"road",1,[[6,-38,[2,"79zojik35JlY4SumUgSX4Y"],[4],[3],5]],[0,"21/2yBe31H3YfX6dVbcj7V",null,null,null,1,0],[1,0,0,25]],[5,"road",1,[[6,-39,[2,"18gvNeJLBMGYqlqFVFLy4c"],[6],[3],7]],[0,"08DQyRn+VNEb0VaMm8fZ6x",null,null,null,1,0],[1,0,0,35]],[5,"road",1,[[6,-40,[2,"14aQbIrw9M3JKoRY3RjrMr"],[8],[3],9]],[0,"46jNnEyfhKQI/2g7P+5eCT",null,null,null,1,0],[1,0,0,45]],[19,"bornPos",5,[6],[0,"72DDkyoV1L5KaXxnPSvbtw",null,null,null,1,0]],[17,"sandbag",3,[[21,1,-41,[2,"aeIpoNzr9OkphCGxjejgBO"],[10],[3],11]],[0,"59i6lZUGlIk6XDrDLEqH1W",null,null,null,1,0]],[8,"collider",3,[[10,"Cube<ModelComponent>",false,-42,[2,"8dEPi8GQlOpJHv/DmEFz5z"],[12],[3],13]],[0,"20Rd2j+v1J5rKOBpvc4Kjz",null,null,null,1,0],[1,3,0,0.5],[1,4,1,1]],[8,"collider",3,[[10,"Cube<ModelComponent>",false,-43,[2,"9aCeEKDI5IkKeVEi/fXrQt"],[14],[3],15]],[0,"55B5s8tKBF6JSKczxexHH2",null,null,null,1,0],[1,-3,0,0.5],[1,4,1,1]]],0,[0,4,1,0,-1,7,0,-2,8,0,-3,9,0,-4,10,0,-5,11,0,-6,4,0,-7,2,0,-8,5,0,4,1,0,0,1,0,-10,3,0,0,2,0,0,2,0,0,2,0,0,2,0,0,2,0,0,2,0,0,2,0,0,2,0,0,2,0,0,2,0,1,3,0,-1,13,0,0,3,0,-3,14,0,-4,15,0,0,3,0,0,3,0,0,4,0,0,4,0,-1,12,0,0,5,0,0,6,0,0,6,0,1,7,0,1,8,0,1,9,0,1,10,0,1,11,0,1,13,0,1,14,0,1,15,0,6,1,6,0,12,43],[0,0,0,0,0,0,0,0,0,0,0,0,0,0,0,0],[-1,2,-1,2,-1,2,-1,2,-1,2,-1,2,-1,2,-1,2],[0,1,0,1,0,1,0,1,0,1,7,8,2,3,2,3]]]]
