[1,["b84QJVtxhKVLaEeSVaFs6w@78e21","b84QJVtxhKVLaEeSVaFs6w@70e93","b84QJVtxhKVLaEeSVaFs6w@49b18","f6SJZOjTJB/JrJeh5xTdF7"],["node","_mesh","root","data","_effectAsset"],[["cc.Node",["_name","_prefab","_parent","_components","_children","_lpos"],2,4,1,9,2,5],["cc.Prefab",["_name"],2],["cc.PrefabInfo",["fileId","instance","targetOverrides","nestedPrefabInstanceRoots","root","asset"],-1,1,1],["cc.MeshRenderer",["node","__prefab","_materials","bakeSettings","_mesh"],3,1,4,3,4,6],["cc.CompPrefabInfo",["fileId"],2],["cc.ModelBakeSettings",[],3],["cc.Material",["_name","_states","_defines","_props"],0,12]],[[2,0,1,2,3,4,5,5],[3,0,1,2,3,4,1],[4,0,2],[5,1],[1,0,2],[0,0,4,1,2],[0,0,2,3,1,2],[0,0,2,3,1,5,2],[6,0,1,2,3,4]],[[[[4,"UpperAirNail"],[5,"UpperAirNail",[-2,-3],[0,"c1EB8pLGpbYr1i1TuCUv25",null,null,null,-1,0]],[6,"UpperAirNail",1,[[1,-4,[2,"d16t1sorBYJKvVNoAx0pOZ"],[0],[3],1]],[0,"294Yr1i1RW7KRS9/4tczKo",null,null,null,1,0]],[7,"1",1,[[1,-5,[2,"3fYcB0H3Ff6IgblnjwQeI9"],[2],[3],3]],[0,"b9Scyxb9RRD60cR17tZYIa",null,null,null,1,0],[1,-3.782376766204834,5.94882869720459,0.00022822702885605395]]],0,[0,2,1,0,-1,2,0,-2,3,0,0,2,0,0,3,0,3,1,5],[0,0,0,0],[-1,1,-1,1],[0,1,0,2]],[[[8,"13 - Default",[{"rasterizerState":{},"blendState":{"targets":[{}]},"depthStencilState":{}}],[{"DCC_APP_NAME":1}],[[[{"albedoScale":1,"specularFactor":0,"shininessExponent":1.9999998807907104,"emissiveScale":0},"mainColor",8,[4,4291480266],"specularColor",8,[4,4294177779],"emissive",8,[4,4278190080]]],11]]],0,0,[0],[4],[3]]]]
