[1,["11naWO5HBKjY1Cq0n6YqFV@6c48a","9bIKUUbMNJ3rIWtrhjBGJJ","3e8BItm7xH0ZgheNdOLkbp","c8QO554bFCWYWMUU1sXxXK@d8502"],["mainTexture","_effectAsset","root","node","data","_mesh"],[["cc.Material",["_name","_states","_defines","_props"],0,12],["cc.Prefab",["_name"],2],["cc.Node",["_name","_components","_prefab","_lscale"],2,9,4,5],["cc.MeshRenderer",["_shadowCastingMode","node","__prefab","_materials","bakeSettings","_mesh"],2,1,4,3,4,6],["cc.CompPrefabInfo",["fileId"],2],["cc.ModelBakeSettings",[],3],["cc.PrefabInfo",["fileId","instance","targetOverrides","nestedPrefabInstanceRoots","root","asset"],-1,1,1],["cc.Mesh",["_native","_hash","_struct"],1,11]],[[0,0,1,2,3,4],[1,0,2],[2,0,1,2,3,2],[3,0,1,2,3,4,5,2],[4,0,2],[5,1],[6,0,1,2,3,4,5,5],[7,0,1,2,3]],[[[[0,"Architecture_E",[{"rasterizerState":{},"depthStencilState":{},"blendState":{"targets":[{}]}},{"rasterizerState":{},"depthStencilState":{},"blendState":{"targets":[{}]}},{"rasterizerState":{},"depthStencilState":{},"blendState":{"targets":[{}]}},{"rasterizerState":{},"depthStencilState":{},"blendState":{"targets":[{}]}}],[{"USE_INSTANCING":true},{"USE_INSTANCING":true,"USE_BASE_COLOR_MAP":true,"BASE_COLOR_MAP_AS_SHADE_MAP_1":true,"BASE_COLOR_MAP_AS_SHADE_MAP_2":true},{},{}],[[{},[{},"mainColor",8,[4,4294967295],"mainTexture",6,0],{},{}],0,11,0,0]]],0,0,[0,0],[0,1],[0,1]],[[[1,"Architecture_E"],[2,"Architecture_E",[[3,1,-2,[4,"f90qF9d39NN5Me8yrEsjY/"],[0],[5],1]],[6,"546kT7nSJEurjTh3kq2MF9",null,null,null,-1,0],[1,1.5,1.3,1.5]]],0,[0,2,1,0,3,1,0,4,1,2],[0,0],[-1,5],[2,3]],[[[7,".bin",1962882238,[{"primitives":[{"primitiveMode":7,"vertexBundelIndices":[0],"indexView":{"offset":150720,"length":9504,"count":4752,"stride":2}}],"vertexBundles":[{"view":{"offset":0,"length":150720,"count":3140,"stride":48},"attributes":[{"name":"a_position","format":32,"isNormalized":false},{"name":"a_normal","format":32,"isNormalized":false},{"name":"a_texCoord","format":21,"isNormalized":false},{"name":"a_tangent","format":44,"isNormalized":false}]}]},"minPosition",8,[1,-2.3950366973876953,-0.15033817291259766,-2.3950297832489014],"maxPosition",8,[1,2.395028829574585,6.982173442840576,2.395035743713379]]],-1],0,0,[],[],[]]]]
