[1,["74mJGdwiZNP4qWdYwiv++5@48bd7","be+cmZ6VFJbp4CvPPrf4rm","46XuydGNtFJpQR6bds0Zn3@6c48a","c7aIDdd5NBvJvxh5FEpXjA"],["node","root","data","mergeMesh","mainTexture","_effectAsset"],[["cc.Prefab",["_name"],2],["cc.Node",["_name","_components","_prefab"],2,9,4],["72632+6gCJE3JD050ETr+qn",["weaponType","animTime","initAngY","node","__prefab","bulletSize","mergeMesh"],0,1,4,5,6],["cc.CompPrefabInfo",["fileId"],2],["cc.MeshRenderer",["_name","node","__prefab","_materials","bakeSettings"],2,1,4,3,4],["cc.ModelBakeSettings",[],3],["cc.PrefabInfo",["fileId","instance","targetOverrides","nestedPrefabInstanceRoots","root","asset"],-1,1,1],["cc.Material",["_name","_techIdx","_states","_defines","_props"],-1,12]],[[3,0,2],[0,0,2],[1,0,1,2,2],[2,0,1,2,3,4,5,6,4],[4,0,1,2,3,4,2],[5,1],[6,0,1,2,3,4,5,5],[7,0,1,2,3,4,5]],[[[[1,"mergeDroneBullet"],[2,"mergeDroneBullet",[[3,5,0.5,90,-2,[0,"928Uoyh+tJLJ0uUkvFj5v4"],[5,0.2,0.2],0],[4,"Cube<ModelComponent>",-3,[0,"a5AkN/MKZFfrq1Jju4PTLj"],[1],[5]]],[6,"1e/UUKjtdFwLdCuIFadAS/",null,null,null,-1,0]]],0,[0,1,1,0,0,1,0,0,1,0,2,1,3],[0,0],[3,-1],[0,1]],[[[7,"mergeDroneBullet","2",[{"rasterizerState":{},"depthStencilState":{},"blendState":{"targets":[{}]}}],[{"USE_INSTANCING":true,"USE_TEXTURE":true}],[[[{},"quadScale",8,[2,0.7,1,2,1],"mainColor",8,[4,4286348412],"mainTexture",6,0]],11]]],0,0,[0,0],[4,5],[2,3]]]]
