[1,["cfRnuLkLRBlrGLd1YzFuNb","2dAcN1jFtLs5IgUZ9F5LEi@6047a","2dAcN1jFtLs5IgUZ9F5LEi@08ab7","47m0MCZ9hEgaHXZfbp85R/@6c48a","a7YStUNeNCOKGpSntUY1g5"],["node","_mesh","root","moveTarget","data","mainTexture","_effectAsset"],[["cc.Node",["_name","_components","_prefab","_children","_parent"],2,9,4,2,1],["cc.Prefab",["_name"],2],["919ed80OudHr5q6i/jNQxHy",["node","__prefab","cldSize","moveTarget"],3,1,4,5,1],["cc.CompPrefabInfo",["fileId"],2],["cc.PrefabInfo",["fileId","instance","targetOverrides","nestedPrefabInstanceRoots","root","asset"],-1,1,1],["cc.MeshRenderer",["node","__prefab","_materials","bakeSettings","_mesh"],3,1,4,3,4,6],["cc.ModelBakeSettings",[],3],["cc.Material",["_name","_states","_defines","_props"],0,12]],[[3,0,2],[4,0,1,2,3,4,5,5],[0,0,4,1,2,2],[5,0,1,2,3,4,1],[6,1],[1,0,2],[0,0,3,1,2,2],[2,0,1,2,3,1],[7,0,1,2,3,4]],[[[[5,"Spininess"],[6,"Spininess",[-4,-5],[[7,-3,[0,"600pQxb5dGyKDLO0TEiVpQ"],[5,3,2],-2]],[1,"28ym05i8xH+5Ij0mHocLiS",null,null,null,-1,0]],[2,"Stab_b",1,[[3,-6,[0,"09LC1TpDFB+JpoNR/TvA/C"],[2],[4],3]],[1,"cbugVQVgVHQ6Vum85ytj3j",null,null,null,1,0]],[2,"Stab_a",1,[[3,-7,[0,"73NN/e2+xDubUXCYItP0fe"],[0],[4],1]],[1,"74I3mbVvhJrLIZr0hUvuX+",null,null,null,1,0]]],0,[0,2,1,0,3,2,0,0,1,0,-1,3,0,-2,2,0,0,2,0,0,3,0,4,1,7],[0,0,0,0],[-1,1,-1,1],[0,1,0,2]],[[[8,"Spininess",[{"rasterizerState":{},"depthStencilState":{},"blendState":{"targets":[{}]}},{"rasterizerState":{},"depthStencilState":{},"blendState":{"targets":[{}]}},{"rasterizerState":{},"depthStencilState":{},"blendState":{"targets":[{}]}},{"rasterizerState":{},"depthStencilState":{},"blendState":{"targets":[{}]}}],[{"USE_OUTLINE_PASS":true,"USE_INSTANCING":true},{"USE_INSTANCING":true,"USE_BASE_COLOR_MAP":true,"BASE_COLOR_MAP_AS_SHADE_MAP_1":true,"BASE_COLOR_MAP_AS_SHADE_MAP_2":true},{},{}],[[[{},"baseColor",8,[4,4294967295]],[{},"mainColor",8,[4,4294967295],"specular",8,[4,1308622847],"mainTexture",6,0],{},{}],11,11,0,0]]],0,0,[0,0],[5,6],[3,4]]]]
