[1,["f6SJZOjTJB/JrJeh5xTdF7","c5jx14ixVITr7NPmQR8ftM@78e21","c5jx14ixVITr7NPmQR8ftM@624b0"],["_effectAsset","root","node","data","_mesh"],[["cc.Node",["_name","_prefab","_children","_parent","_components"],2,4,2,1,9],["cc.Material",["_name","_states","_defines","_props"],0,12],["cc.Prefab",["_name"],2],["cc.PrefabInfo",["fileId","instance","targetOverrides","nestedPrefabInstanceRoots","root","asset"],-1,1,1],["cc.MeshRenderer",["node","__prefab","_materials","bakeSettings","_mesh"],3,1,4,3,4,6],["cc.CompPrefabInfo",["fileId"],2],["cc.ModelBakeSettings",[],3]],[[3,0,1,2,3,4,5,5],[1,0,1,2,3,4],[2,0,2],[0,0,2,1,2],[0,0,3,4,1,2],[4,0,1,2,3,4,1],[5,0,2],[6,1]],[[[[1,"13 - Default",[{"rasterizerState":{},"blendState":{"targets":[{}]},"depthStencilState":{}}],[{"DCC_APP_NAME":1}],[[[{"albedoScale":1,"specularFactor":0,"shininessExponent":1.9999998807907104,"emissiveScale":0},"mainColor",8,[4,4291480266],"specularColor",8,[4,4294177779],"emissive",8,[4,4278190080]]],11]]],0,0,[0],[0],[0]],[[[2,"Grenades"],[3,"Grenades",[-2],[0,"78nJoHWwBZMJ15MbRQxf9d",null,null,null,-1,0]],[4,"Grenades",1,[[5,-3,[6,"74tgyteKZeuKFCzcN7zgj5"],[0],[7],1]],[0,"1f9n5XVLVQUoVPMsonz9wm",null,null,null,1,0]]],0,[0,1,1,0,-1,2,0,2,2,0,3,1,3],[0,0],[-1,4],[1,2]]]]
