[1,["b6mIUt/hBEVJu51kgtBRmb@f9941","b6mIUt/hBEVJu51kgtBRmb@6c48a"],["spriteFrame","_textureSource"],["cc.SpriteFrame",["cc.LabelAtlas",["_name","fontSize","fntConfig"],0]],[[1,0,1,2,4]],[[[[0,"number_gold",24.64,{"commonHeight":28,"fontSize":24,"atlasName":"number_gold","fontDefDictionary":{"48":{"xOffset":0,"yOffset":0,"xAdvance":28,"rect":{"x":0,"y":0,"width":28,"height":28}},"49":{"xOffset":0,"yOffset":0,"xAdvance":28,"rect":{"x":28,"y":0,"width":28,"height":28}},"50":{"xOffset":0,"yOffset":0,"xAdvance":28,"rect":{"x":56,"y":0,"width":28,"height":28}},"51":{"xOffset":0,"yOffset":0,"xAdvance":28,"rect":{"x":84,"y":0,"width":28,"height":28}},"52":{"xOffset":0,"yOffset":0,"xAdvance":28,"rect":{"x":112,"y":0,"width":28,"height":28}},"53":{"xOffset":0,"yOffset":0,"xAdvance":28,"rect":{"x":140,"y":0,"width":28,"height":28}},"54":{"xOffset":0,"yOffset":0,"xAdvance":28,"rect":{"x":168,"y":0,"width":28,"height":28}},"55":{"xOffset":0,"yOffset":0,"xAdvance":28,"rect":{"x":196,"y":0,"width":28,"height":28}},"56":{"xOffset":0,"yOffset":0,"xAdvance":28,"rect":{"x":224,"y":0,"width":28,"height":28}},"57":{"xOffset":0,"yOffset":0,"xAdvance":28,"rect":{"x":252,"y":0,"width":28,"height":28}}},"kerningDict":{}}]],0,0,[0],[0],[0]],[[{"name":"number_gold","rect":{"x":2,"y":2,"width":276,"height":23},"offset":{"x":0,"y":0.5},"originalSize":{"width":280,"height":28},"rotated":false,"capInsets":[0,0,0,0],"vertices":{"rawPosition":[-138,-11.5,0,138,-11.5,0,-138,11.5,0,138,11.5,0],"indexes":[0,1,2,2,1,3],"uv":[2,26,278,26,2,3,278,3],"nuv":[0.007142857142857143,0.10714285714285714,0.9928571428571429,0.10714285714285714,0.007142857142857143,0.9285714285714286,0.9928571428571429,0.9285714285714286],"minPos":{"x":-138,"y":-11.5,"z":0},"maxPos":{"x":138,"y":11.5,"z":0}},"packable":true,"pixelsToUnit":100,"pivot":{"x":0.5,"y":0.5},"meshType":0}],[0],0,[0],[1],[1]]]]
