[1,["f6SJZOjTJB/JrJeh5xTdF7","72NvpbT4dB6Y1Ev2I2umvy@7ae61","72NvpbT4dB6Y1Ev2I2umvy@73688"],["_effectAsset","root","node","data","_mesh"],[["cc.Node",["_name","_prefab","_children","_parent","_components"],2,4,2,1,9],["cc.Mesh",["_native","_hash","_struct"],1,11],["cc.Material",["_name","_states","_defines","_props"],0,12],["cc.Prefab",["_name"],2],["cc.PrefabInfo",["fileId","instance","targetOverrides","nestedPrefabInstanceRoots","root","asset"],-1,1,1],["cc.MeshRenderer",["node","__prefab","_materials","bakeSettings","_mesh"],3,1,4,3,4,6],["cc.CompPrefabInfo",["fileId"],2],["cc.ModelBakeSettings",[],3]],[[4,0,1,2,3,4,5,5],[1,0,1,2,3],[2,0,1,2,3,4],[3,0,2],[0,0,2,1,2],[0,0,3,4,1,2],[5,0,1,2,3,4,1],[6,0,2],[7,1]],[[[[1,".bin",1649294662,[{"primitives":[{"primitiveMode":7,"vertexBundelIndices":[0],"indexView":{"offset":47136,"length":5088,"count":2544,"stride":2}}],"vertexBundles":[{"view":{"offset":0,"length":47136,"count":982,"stride":48},"attributes":[{"name":"a_position","format":32,"isNormalized":false},{"name":"a_normal","format":32,"isNormalized":false},{"name":"a_texCoord","format":21,"isNormalized":false},{"name":"a_tangent","format":44,"isNormalized":false}]}]},"minPosition",8,[1,-0.15892542898654938,-0.13840697705745697,-0.3985268771648407],"maxPosition",8,[1,0.33467766642570496,0.1770828366279602,0.6252021193504333]]],-1],0,0,[],[],[]],[[[2,"Material #71",[{"rasterizerState":{},"blendState":{"targets":[{}]},"depthStencilState":{}}],[{"DCC_APP_NAME":1}],[[[{"albedoScale":1,"specularFactor":0,"shininessExponent":2,"emissiveScale":0},"mainColor",8,[4,4291480266],"specularColor",8,[4,4294177779],"emissive",8,[4,4278190080]]],11]]],0,0,[0],[0],[0]],[[[3,"MachineGun"],[4,"MachineGun",[-2],[0,"b0oCBRVZNe9YNpJY1yM11k",null,null,null,-1,0]],[5,"MachineGun",1,[[6,-3,[7,"52W4YkZ25SZYoq6JZjs7T5"],[0],[8],1]],[0,"303WWO9gJRsIitwVY4SQ5s",null,null,null,1,0]]],0,[0,1,1,0,-1,2,0,2,2,0,3,1,3],[0,0],[-1,4],[1,2]]]]
