[1,["2dAcN1jFtLs5IgUZ9F5LEi@78e21","2dAcN1jFtLs5IgUZ9F5LEi@6047a","2dAcN1jFtLs5IgUZ9F5LEi@08ab7","f6SJZOjTJB/JrJeh5xTdF7"],["node","_mesh","root","data","_effectAsset"],[["cc.Node",["_name","_prefab","_children","_parent","_lpos","_components"],2,4,2,1,5,9],["cc.Mesh",["_native","_hash","_struct"],1,11],["cc.Prefab",["_name"],2],["cc.PrefabInfo",["fileId","instance","targetOverrides","nestedPrefabInstanceRoots","root","asset"],-1,1,1],["cc.MeshRenderer",["node","__prefab","_materials","bakeSettings","_mesh"],3,1,4,3,4,6],["cc.CompPrefabInfo",["fileId"],2],["cc.ModelBakeSettings",[],3],["cc.Material",["_name","_states","_defines","_props"],0,12]],[[3,0,1,2,3,4,5,5],[1,0,1,2,3],[0,0,3,5,1,2],[4,0,1,2,3,4,1],[5,0,2],[6,1],[2,0,2],[0,0,2,1,2],[0,0,3,2,1,4,2],[7,0,1,2,3,4]],[[[[1,".bin",3183937472,[{"primitives":[{"primitiveMode":7,"vertexBundelIndices":[0],"indexView":{"offset":3456,"length":360,"count":180,"stride":2}}],"vertexBundles":[{"view":{"offset":0,"length":3456,"count":72,"stride":48},"attributes":[{"name":"a_position","format":32,"isNormalized":false},{"name":"a_normal","format":32,"isNormalized":false},{"name":"a_texCoord","format":21,"isNormalized":false},{"name":"a_tangent","format":44,"isNormalized":false}]}]},"minPosition",8,[1,-1.490269422531128,-0.01675719954073429,-0.856997549533844],"maxPosition",8,[1,1.491321086883545,0.7906253933906555,0.8561197519302368]]],-1],0,0,[],[],[]],[[[1,".bin",1225993696,[{"primitives":[{"primitiveMode":7,"vertexBundelIndices":[0],"indexView":{"offset":49248,"length":5760,"count":2880,"stride":2}}],"vertexBundles":[{"view":{"offset":0,"length":49248,"count":1026,"stride":48},"attributes":[{"name":"a_position","format":32,"isNormalized":false},{"name":"a_normal","format":32,"isNormalized":false},{"name":"a_texCoord","format":21,"isNormalized":false},{"name":"a_tangent","format":44,"isNormalized":false}]}]},"minPosition",8,[1,-1.6440649032592773,-0.02014351077377796,-1.0228524208068848],"maxPosition",8,[1,1.6451166868209839,0.07165698707103729,1.0219746828079224]]],-1],0,0,[],[],[]],[[[6,"Spininess"],[7,"Spininess",[-2],[0,"55+a5nlNxT2YSvTMJcguoB",null,null,null,-1,0]],[8,"Stab",1,[-3,-4],[0,"31Zp8qYx5YDKQXM9f6VJsG",null,null,null,1,0],[1,0,0,0.00010858733003260568]],[2,"Stab_a",2,[[3,-5,[4,"20lAEYSOpdR7mlFaAjSpEF"],[0],[5],1]],[0,"604Q1X9+FQMqEsMscsCRca",null,null,null,1,0]],[2,"Stab_b",2,[[3,-6,[4,"4ajUjLrp5e2Y4J75lpPetV"],[2],[5],3]],[0,"5bfnQfkIBQSrvlK9l97+gz",null,null,null,1,0]]],0,[0,2,1,0,-1,2,0,-1,3,0,-2,4,0,0,3,0,0,4,0,3,1,6],[0,0,0,0],[-1,1,-1,1],[0,1,0,2]],[[[9,"13 - Default",[{"rasterizerState":{},"blendState":{"targets":[{}]},"depthStencilState":{}}],[{"DCC_APP_NAME":1}],[[[{"albedoScale":1,"specularFactor":0,"shininessExponent":1.9999998807907104,"emissiveScale":0},"mainColor",8,[4,4291480266],"specularColor",8,[4,4294177779],"emissive",8,[4,4278190080]]],11]]],0,0,[0],[4],[3]]]]
