[1,["47m0MCZ9hEgaHXZfbp85R/@6c48a","a7YStUNeNCOKGpSntUY1g5","5dGpqifZRH1Y8u+LtCwnp2","c9UK7UheZEl7VZZJyOpcuA@b0f67","6bfhyjjBdGzIWqKst41MZt","0drnCPkedKmYB1lWxWr+V1@ffd6a"],["node","mainTexture","_effectAsset","_mesh","root","line","moveTarget","data"],[["cc.Node",["_name","_components","_prefab","_children","_parent","_lscale"],2,9,4,2,1,5],["cc.PrefabInfo",["fileId","instance","nestedPrefabInstanceRoots","targetOverrides","root","asset"],-1,1,1],["cc.MeshRenderer",["_shadowCastingMode","node","__prefab","_materials","bakeSettings","_mesh"],2,1,4,3,4,6],["cc.Material",["_name","_states","_defines","_props"],0,12],["cc.Prefab",["_name"],2],["74fa4VlUjhFOKwq1HyrFLBF",["isCircleCollider","node","__prefab","cldSize","moveTarget","line"],2,1,4,5,1,1],["cc.CompPrefabInfo",["fileId"],2],["cc.ModelBakeSettings",[],3]],[[6,0,2],[3,0,1,2,3,4],[0,0,4,1,2,5,2],[1,0,1,3,2,4,5,5],[7,1],[4,0,2],[0,0,3,1,2,2],[5,0,1,2,3,4,5,2],[1,0,1,2,3,4,5,5],[2,0,1,2,3,4,5,2],[2,1,2,3,4,5,1]],[[[[1,"ElectricSaw",[{"rasterizerState":{},"depthStencilState":{},"blendState":{"targets":[{}]}},{"rasterizerState":{},"depthStencilState":{},"blendState":{"targets":[{}]}},{"rasterizerState":{},"depthStencilState":{},"blendState":{"targets":[{}]}},{"rasterizerState":{},"depthStencilState":{},"blendState":{"targets":[{}]}}],[{"USE_OUTLINE_PASS":true,"USE_INSTANCING":true},{"USE_INSTANCING":true,"USE_BASE_COLOR_MAP":true,"BASE_COLOR_MAP_AS_SHADE_MAP_1":true,"BASE_COLOR_MAP_AS_SHADE_MAP_2":true},{},{}],[[[{},"baseColor",8,[4,4294967295]],[{},"mainColor",8,[4,4294967295],"mainTexture",6,0],{},{}],11,11,0,0]]],0,0,[0,0],[1,2],[0,1]],[[[1,"Crosswise",[{"rasterizerState":{},"depthStencilState":{},"blendState":{"targets":[{}]}},{"rasterizerState":{},"depthStencilState":{},"blendState":{"targets":[{}]}},{"rasterizerState":{},"depthStencilState":{},"blendState":{"targets":[{}]}},{"rasterizerState":{},"depthStencilState":{},"blendState":{"targets":[{}]}}],[{"USE_OUTLINE_PASS":true,"USE_INSTANCING":true},{"USE_INSTANCING":true,"USE_BASE_COLOR_MAP":true,"BASE_COLOR_MAP_AS_SHADE_MAP_1":true,"BASE_COLOR_MAP_AS_SHADE_MAP_2":true},{},{}],[[[{},"baseColor",8,[4,4278190223]],[{},"mainColor",8,[4,4294967295],"mainTexture",6,0],{},{}],11,11,0,0]]],0,0,[0,0],[1,2],[0,1]],[[[5,"ElectricSaw"],[6,"ElectricSaw",[-5,-6],[[7,true,-4,[0,"bcnFhzKMBDR51KCT071jjj"],[5,2.4,2.4],-3,-2]],[8,"87qTl29dREKr6C3hWJHJ3X",null,null,[],-1,0]],[2,"ElectricSaw",1,[[9,1,-7,[0,"08dbUVr2RIo6KPdJzK+lvK"],[0],[4],1]],[3,"66QjbSBv9Kz71FsezGVbRl",null,null,null,1,0],[1,1.2,1.2,1.2]],[2,"Crosswise",1,[[10,-8,[0,"97Pc1udg9NtKATMrgvCEd4"],[2],[4],3]],[3,"f8GlDoekdDDZKchDTq/liG",null,null,null,1,0],[1,1.52,1,1]]],0,[0,4,1,0,5,3,0,6,2,0,0,1,0,-1,2,0,-2,3,0,0,2,0,0,3,0,7,1,8],[0,0,0,0],[-1,3,-1,3],[2,3,4,5]]]]
