[1,["f6SJZOjTJB/JrJeh5xTdF7","cfouBPvxpGYoJUb4JfqxnH@64fff","cfouBPvxpGYoJUb4JfqxnH@643ac"],["_effectAsset","root","node","data","_mesh"],[["cc.Node",["_name","_prefab","_children","_parent","_components"],2,4,2,1,9],["cc.Material",["_name","_states","_defines","_props"],0,12],["cc.Prefab",["_name"],2],["cc.PrefabInfo",["fileId","instance","targetOverrides","nestedPrefabInstanceRoots","root","asset"],-1,1,1],["cc.MeshRenderer",["node","__prefab","_materials","bakeSettings","_mesh"],3,1,4,3,4,6],["cc.CompPrefabInfo",["fileId"],2],["cc.ModelBakeSettings",[],3]],[[3,0,1,2,3,4,5,5],[1,0,1,2,3,4],[2,0,2],[0,0,2,1,2],[0,0,3,4,1,2],[4,0,1,2,3,4,1],[5,0,2],[6,1]],[[[[1,"brock_dancer_default",[{"rasterizerState":{},"blendState":{"targets":[{}]},"depthStencilState":{}}],[{"DCC_APP_NAME":1}],[[[{"albedoScale":1,"specularFactor":0,"shininessExponent":2,"emissiveScale":0},"mainColor",8,[4,4291480266],"specularColor",8,[4,4294177779],"emissive",8,[4,4278190080]]],11]]],0,0,[0],[0],[0]],[[[2,"Shield"],[3,"Shield",[-2],[0,"aca0WwsYRdMYo7BvWbTSm7",null,null,null,-1,0]],[4,"Shield",1,[[5,-3,[6,"af/dxtV8BWXJ/4Y2JJJ5ym"],[0],[7],1]],[0,"52BaG9gYVWn5F4aTMeL5Jj",null,null,null,1,0]]],0,[0,1,1,0,-1,2,0,2,2,0,3,1,3],[0,0],[-1,4],[1,2]]]]
