[1,["a0LrD5IrxJQrcqN+/2YAI2@883e3","a0LrD5IrxJQrcqN+/2YAI2@9a861","a0LrD5IrxJQrcqN+/2YAI2@99b65","f6SJZOjTJB/JrJeh5xTdF7"],["node","_mesh","root","data","_effectAsset"],[["cc.Node",["_name","_prefab","_children","_parent","_components"],2,4,2,1,9],["cc.Prefab",["_name"],2],["cc.PrefabInfo",["fileId","instance","targetOverrides","nestedPrefabInstanceRoots","root","asset"],-1,1,1],["cc.MeshRenderer",["node","__prefab","_materials","bakeSettings","_mesh"],3,1,4,3,4,6],["cc.CompPrefabInfo",["fileId"],2],["cc.ModelBakeSettings",[],3],["cc.Material",["_name","_states","_defines","_props"],0,12]],[[2,0,1,2,3,4,5,5],[0,0,3,4,1,2],[3,0,1,2,3,4,1],[4,0,2],[5,1],[1,0,2],[0,0,2,1,2],[0,0,3,2,1,2],[6,0,1,2,3,4]],[[[[5,"Push"],[6,"Push",[-2],[0,"d8OL7WnfNababDQAn0+ZNO",null,null,null,-1,0]],[7,"Push",1,[-3,-4],[0,"700V8qbpBcyLardmNpwycL",null,null,null,1,0]],[1,"push_a",2,[[2,-5,[3,"e6jRys/v5T47HiZ4y+YoTJ"],[0],[4],1]],[0,"99AfxzGsRdALf7QZ/EStD2",null,null,null,1,0]],[1,"push_b",2,[[2,-6,[3,"1eJlptELFX45b4F49cwFOp"],[2],[4],3]],[0,"bdgTfA+LRRGZcXgVtzbPYh",null,null,null,1,0]]],0,[0,2,1,0,-1,2,0,-1,3,0,-2,4,0,0,3,0,0,4,0,3,1,6],[0,0,0,0],[-1,1,-1,1],[0,1,0,2]],[[[8,"14 - Default",[{"rasterizerState":{},"blendState":{"targets":[{}]},"depthStencilState":{}}],[{"DCC_APP_NAME":1}],[[[{"albedoScale":1,"specularFactor":0,"shininessExponent":1.9999998807907104,"emissiveScale":0},"mainColor",8,[4,4291480266],"specularColor",8,[4,4294177779],"emissive",8,[4,4278190080]]],11]]],0,0,[0],[4],[3]]]]
