[1,["be6eqI4AVJu42tj76HKsQX","f30M6WertEqpWoJWuqIViD@cc680","b0kXoCNrFLG73sHo9saDto","71vpt1DMBEp6Rdh1xaohZW@71310","11naWO5HBKjY1Cq0n6YqFV@6c48a","1brw/JvvpFnIvdrxpFCgMZ"],["_parent","node","_mesh","root","data","mainTexture","_effectAsset"],[["cc.Node",["_name","_prefab","_parent","_lpos","_children","_lrot","_euler","_components"],2,4,1,5,12,5,5,9],["cc.Node",["_name","_children","_prefab","_parent","_lpos"],2,9,4,1,5],["cc.Prefab",["_name"],2],["cc.Node",["_name","_children","_prefab"],2,2,4],["cc.PrefabInfo",["fileId","instance","targetOverrides","nestedPrefabInstanceRoots","root","asset"],-1,1,1],["cc.MeshRenderer",["node","__prefab","_materials","bakeSettings","_mesh"],3,1,4,3,4,6],["cc.CompPrefabInfo",["fileId"],2],["cc.ModelBakeSettings",[],3],["cc.Mesh",["_native","_hash","_struct"],1,11],["cc.Material",["_name","_states","_defines","_props"],0,12]],[[4,0,1,2,3,4,5,5],[0,0,2,1,3,2],[0,0,2,1,3,5,6,2],[5,0,1,2,3,4,1],[6,0,2],[7,1],[0,0,2,1,2],[0,0,2,7,1,3,2],[0,0,2,7,1,3,5,6,2],[1,0,3,1,2,2],[2,0,2],[0,0,4,1,3,2],[0,0,2,4,1,2],[1,0,1,2,2],[1,0,1,2,4,2],[1,0,3,1,2,4,2],[3,0,1,2,2],[8,0,1,2,3],[9,0,1,2,3,4]],[[[[10,"P003L"],[11,"P003L",[[-2,-3,-4,-5,-6,-7,-8,-9,[1,"prop",-11,[0,"2cw2y4qrxGI5kzoDR5VZGp",null,null,null,-10,0],[1,0,0,10]]],1,1,1,1,1,1,1,1,4],[0,"bfNAmWBS1JH4Dv3MpGjAlv",null,null,null,-1,0],[1,96.984,0,17.785]],[9,"decorate",1,[[2,"Decorate_Turning",-12,[0,"ccN2jTxuVCjr9cxz4O63+w",null,null,null,1,0],[1,-10,2.288818308215923e-7,5],[3,0,-0.7071067811865475,0,0.7071067811865476],[1,0,-89.99999999999999,0]],[1,"Decorate_Turning",-13,[0,"e91mXMD4BLEZOotB/M8XZy",null,null,null,1,0],[1,-10,2.288818308215923e-7,25]],[2,"Decorate_Turning",-14,[0,"9f9fPeIw1Fqr6JNlZ8vcLh",null,null,null,1,0],[1,10,2.288818308215923e-7,5],[3,0,1,0,6.123233995736766e-17],[1,0,180,0]],[2,"Decorate_Turning",-15,[0,"bai8yaK3BGbIJyc2uTrsJ2",null,null,null,1,0],[1,10,2.288818308215923e-7,25],[3,0,0.7071067811865475,0,0.7071067811865476],[1,0,89.99999999999999,0]],[2,"Decorate",-16,[0,"46ysSyH35EhYyfg7Z2j8qt",null,null,null,1,0],[1,20,2.288818308215923e-7,15],[3,0,1,0,6.123233995736766e-17],[1,0,180,0]],[2,"Decorate",-17,[0,"99MG6+2s5OV4qCrdi0rTcG",null,null,null,1,0],[1,0,2.288818308215923e-7,35],[3,0,0.7071067811865475,0,0.7071067811865476],[1,0,90,0]]],[0,"b9yAflkqxPkZOHQ3j7f/xN",null,null,null,1,0]],[9,"path",1,[[6,"0",-18,[0,"ccy5yrLnFJ4Yf82IXwlGEe",null,null,null,1,0]],[1,"1",-19,[0,"bemunwGYRLarESC4fk/3HW",null,null,null,1,0],[1,0,0,10]],[1,"2",-20,[0,"2d/504tUZGfaU8NTLkRjHt",null,null,null,1,0],[1,-5,0,15]],[1,"3",-21,[0,"55OVDj1IVP6qmWuuPBXR2h",null,null,null,1,0],[1,-15,0,15]]],[0,"69enEt7K9Au5elvINYFnD/",null,null,null,1,0]],[13,"0",[[6,"0",-22,[0,"c08snBeTVMOLB1PE8O1eaH",null,null,null,1,0]],[1,"1",-23,[0,"d0Buviay9H/aQGmvrvqEYy",null,null,null,1,0],[1,0,0,10]],[1,"2",-24,[0,"dfNF1PeIVBS5S5NH6AXHNN",null,null,null,1,0],[1,-5,0,15]],[1,"3",-25,[0,"30DV2QLS1FqZqVZqUUFJaD",null,null,null,1,0],[1,-15,0,15]]],[0,"66vSqHD1NH77dbwd6l9PvJ",null,null,null,1,0]],[14,"2",[[6,"0",-26,[0,"f4qhkRr+xC+oNz9GNvDgX3",null,null,null,1,0]],[1,"1",-27,[0,"00/4Dgi6lC1r70mZz5ROhB",null,null,null,1,0],[1,0,0,-10]],[1,"2",-28,[0,"3agAzcyo1EWI9966a2WEkW",null,null,null,1,0],[1,-5,0,-15]],[1,"3",-29,[0,"c3bUMHwMxFqpK3CzvRHmRx",null,null,null,1,0],[1,-15,0,-15]]],[0,"0cvcK8NntDhL3lX4aDL/NI",null,null,null,1,0],[1,0,0,30]],[16,"bornPos",[4,-30,5],[0,"4ce/og3jpFgpkeGSySLuNp",null,null,null,1,0]],[12,"enemy",1,[[6,[1,"trigger",-31,[0,"daN/MhD29B37YmLPgvU0jy",null,null,null,1,0],[1,-5,0,15]]],1,4],[0,"90oFEJs1lKM7dUMbgzupYz",null,null,null,1,0]],[15,"1",6,[[1,"0",-32,[0,"dedBSuSmNB64oYghtZAro/",null,null,null,1,0],[1,30,0,0]],[6,"1",-33,[0,"38zAgmv5dMEacTnNAnzOQ0",null,null,null,1,0]]],[0,"ffq3q75TJGVIMcX9de8KSe",null,null,null,1,0],[1,15,0,15]],[7,"road",1,[[3,-34,[4,"d2zcsfIEtKa5g00ijJygG/"],[0],[5],1]],[0,"f6WXgsU5ZAcr4lpHFkJsMg",null,null,null,1,0],[1,0,0,5]],[8,"road",1,[[3,-35,[4,"71Ze2/7LBKb7u6FHMr/WZH"],[2],[5],3]],[0,"d5+9vshBlF1a+w+AtBCEG/",null,null,null,1,0],[1,10,0,15],[3,0,0.7071067811865475,0,0.7071067811865476],[1,0,90,0]],[8,"road",1,[[3,-36,[4,"5a4uD1QGREWplYrQtInVlA"],[4],[5],5]],[0,"42avOthHdA3ay34TRcyrKs",null,null,null,1,0],[1,-10,0,15],[3,0,0.7071067811865475,0,0.7071067811865476],[1,0,90,0]],[7,"road",1,[[3,-37,[4,"ecNyHMhSpKmoLaRC6Op5NZ"],[6],[5],7]],[0,"6aL+4vS0lOhrNDdiFiYBtw",null,null,null,1,0],[1,0,0,25]],[7,"turn",1,[[3,-38,[4,"3djdLNogxJKYHvBBRkY4Wo"],[8],[5],9]],[0,"abc6RV201MPJ5aobYDi9th",null,null,null,1,0],[1,0,0,15]]],0,[0,3,1,0,-1,9,0,-2,10,0,-3,11,0,-4,12,0,-5,13,0,-6,3,0,-7,2,0,-8,7,0,3,1,0,0,1,0,0,2,0,0,2,0,0,2,0,0,2,0,0,2,0,0,2,0,0,3,0,0,3,0,0,3,0,0,3,0,0,4,0,0,4,0,0,4,0,0,4,0,0,5,0,0,5,0,0,5,0,0,5,0,-2,8,0,0,7,0,0,8,0,0,8,0,1,9,0,1,10,0,1,11,0,1,12,0,1,13,0,4,1,4,0,6,5,0,6,6,0,7,38],[0,0,0,0,0,0,0,0,0,0],[-1,2,-1,2,-1,2,-1,2,-1,2],[0,1,0,1,0,1,0,1,2,3]],[[[17,".bin",1974911503,[{"primitives":[{"primitiveMode":7,"vertexBundelIndices":[0],"indexView":{"offset":28176,"length":1776,"count":888,"stride":2}}],"vertexBundles":[{"view":{"offset":0,"length":28176,"count":587,"stride":48},"attributes":[{"name":"a_position","format":32,"isNormalized":false},{"name":"a_normal","format":32,"isNormalized":false},{"name":"a_texCoord","format":21,"isNormalized":false},{"name":"a_tangent","format":44,"isNormalized":false}]}]},"minPosition",8,[1,-5.000002861022949,-0.861124575138092,-5.000341892242432],"maxPosition",8,[1,5.000001907348633,0.19465099275112152,5.000341892242432]]],-1],0,0,[],[],[]],[[[18,"road-turn-mat",[{"rasterizerState":{},"depthStencilState":{},"blendState":{"targets":[{}]}},{"rasterizerState":{},"depthStencilState":{},"blendState":{"targets":[{}]}},{"rasterizerState":{},"depthStencilState":{},"blendState":{"targets":[{}]}}],[{"USE_INSTANCING":true,"USE_ALBEDO_MAP":true},{},{}],[[[{"roughness":0.8,"metallic":0.6},"mainTexture",6,0],{},{}],11,0,0]]],0,0,[0,0],[5,6],[4,5]]]]
