[1,["3dCaj4gVFGZ5+/xK9Lcu32","a1YglAaONMt5cpeq3i+Jam@f9941","2aQC15J0lMM5KBH3pT2LBW@f9941","6dTLGv435BCYkDcuIqyCsO@f9941","48z8pFNXxMgalJGw3UMN/F@f9941","2eQ07MfF1FNr+opDDcebPn@f9941","826nn1FDpPCqfUFUQgV54t@f9941","48z8pFNXxMgalJGw3UMN/F@6c48a"],["node","_spriteFrame","_font","_normalSprite","root","display","data","_parent","_textureSource"],[["cc.Node",["_name","_layer","_components","_prefab","_children","_parent","_lpos"],1,9,4,2,1,5],["cc.Sprite",["_sizeMode","_enabled","node","__prefab","_spriteFrame","_color"],1,1,4,6,5],["cc.UITransform",["node","__prefab","_contentSize"],3,1,4,5],["294f6Gp3tZL54Z4UhFK7L8G",["animTime","isOpacityAnim","enterDirection","easingType","node","__prefab"],-1,1,4],["cc.Label",["_string","_actualFontSize","_isSystemFontUsed","_enableOutline","_lineHeight","node","__prefab","_font"],-2,1,4,6],"cc.SpriteFrame",["cc.Prefab",["_name"],2],["cc.Node",["_name","_layer","_parent","_components","_prefab","_lscale"],1,1,12,4,5],["cc.CompPrefabInfo",["fileId"],2],["cc.Widget",["_alignFlags","_originalWidth","_originalHeight","node","__prefab"],0,1,4],["cc.BlockInputEvents",["node","__prefab"],3,1,4],["f5c6fWDItpLcJjxqLNoVtzy",["node","__prefab","display"],3,1,4,1],["cc.PrefabInfo",["fileId","instance","targetOverrides","nestedPrefabInstanceRoots","root","asset"],-1,1,1],["cc.Button",["_transition","node","__prefab","clickEvents","_normalSprite"],2,1,4,9,6],["cc.ClickEvent",["_componentId","handler","target"],1,1],["cc.Layout",["_resizeMode","_layoutType","_spacingX","node","__prefab"],0,1,4],["9d694Rir6RE24IGSFd7sQ2G",["node","__prefab"],3,1,4]],[[8,0,2],[12,0,1,2,3,4,5,5],[2,0,1,2,1],[1,2,3,4,1],[0,0,1,5,4,2,3,6,3],[0,0,1,5,2,3,6,3],[0,0,1,5,2,3,3],[9,0,1,2,3,4,4],[13,0,1,2,3,4,2],[14,0,1,2,3],[6,0,2],[0,0,1,4,2,3,3],[0,0,1,5,4,2,3,3],[0,0,1,4,2,3,6,3],[7,0,1,2,3,4,5,3],[2,0,1,1],[10,0,1,1],[11,0,1,2,1],[1,1,0,2,3,4,3],[1,0,2,3,5,4,2],[1,2,3,1],[3,0,1,4,5,3],[3,2,3,0,4,5,4],[15,0,1,2,3,4,4],[16,0,1,1],[4,0,1,2,3,5,6,7,5],[4,0,1,4,2,3,5,6,7,6]],[[[[10,"UnlockPopUI"],[11,"UnlockPopUI",33554432,[-7,-8,-9],[[2,-2,[0,"1eXofIsdxNcKO2H+MMdLJd"],[5,720,1280]],[7,45,100,100,-3,[0,"27JASrLOhItbZSMxaEf7oW"]],[16,-4,[0,"1eFmWrbhZMhbQFusvW28Ne"]],[17,-6,[0,"44OLo3q1xDv7DXF2zgwM5h"],-5]],[1,"a9yLsFHfpMMJI4vfTKEMb1",null,null,null,-1,0]],[12,"bg",33554432,1,[-14],[[2,-10,[0,"f4LSDc09dMl4HEnfo4TNrI"],[5,720,1280]],[18,false,0,-11,[0,"bb6sm6z9lOK7T07c2kIy/1"],1],[7,45,750,1624,-12,[0,"8bw9e5uw1EpY2d7ITqPIlu"]],[21,0.3,true,-13,[0,"3cRFW3C/BA2aDdp/9DAPq7"]]],[1,"31VCJF8q9Kipt5298BMWPv",null,null,null,1,0]],[13,"btn_orange",33554432,[-18,-19],[[2,-15,[0,"d4KzUOeJxAyLK9aIdzQO37"],[5,289,117]],[3,-16,[0,"2dj81K8UhMHqDyS0ZTtide"],8],[8,3,-17,[0,"68RRy/L5VKs72BwhUcyR7r"],[[9,"f5c6fWDItpLcJjxqLNoVtzy","onVidoClick",1]],9]],[1,"0bSbZXF0VHdqEXTvrkZ6s4",null,null,null,1,0],[1,169.5,0,0]],[4,"award",33554432,1,[-22,-23],[[15,-20,[0,"ceemoRZCNChqfban2L903w"]],[22,6,4,0.3,-21,[0,"ddRSPlyfNLVYyj71hb/xiT"]]],[1,"ef8M6KEGNNwq22VUf9KAHf",null,null,null,1,0],[1,0,120,0]],[4,"awardBtns",33554432,1,[-26,3],[[2,-24,[0,"9cU7X1kKJBMoDoE28IWp9i"],[5,628,100]],[23,1,1,50,-25,[0,"f2mVevD/JJ8qXpsYfSSKcD"]]],[1,"beJY4tcuFF1JYSFPpRxbGJ",null,null,null,1,0],[1,0,-360,0]],[4,"btn_blue",33554432,5,[-30],[[2,-27,[0,"9ePEo4zLZL1qnwjakg84zj"],[5,289,117]],[3,-28,[0,"a5ylgCCiZNT4QxrD4zWffx"],4],[8,3,-29,[0,"c33kl5ibpJCLQ4W5eiciGp"],[[9,"f5c6fWDItpLcJjxqLNoVtzy","onCloseClick",1]],5]],[1,"4etmsIQBpGtKVmx2soPGoX",null,null,null,1,0],[1,-169.5,0,0]],[6,"light_money",33554432,4,[[2,-31,[0,"8e5W1Yh41FrqM45rQx4pZM"],[5,548,497]],[3,-32,[0,"f0lKlGzjNGsLpmkgmwQpDn"],2],[24,-33,[0,"c5Mo/ytMNNuIDp7EdJ/6nc"]]],[1,"097pPwMy9Nk4OMDQTp5QEx",null,null,null,1,0]],[6,"Sprite",33554432,2,[[2,-34,[0,"64mr/PeUxHyLY2ijApZdCf"],[5,5000,5000]],[19,0,-35,[0,"7e3O+eA0xO4bDs8+xac6J3"],[4,3355443200],0]],[1,"faDjidfkRNn5wJqhrA4Mhm",null,null,null,1,0]],[14,"sprite",33554432,4,[[[2,-36,[0,"a7Ap+aQdNFDq8KwYtuo7VK"],[5,102,117]],-37],4,1],[1,"c21YeYAudDvYFHVb4ztTGJ",null,null,null,1,0],[1,3,3,1]],[5,"Label",33554432,6,[[2,-38,[0,"c5AmN2P21N+JzHyLBVpJDf"],[5,217.35992431640625,54.4]],[25,"No, Thanks",40,false,true,-39,[0,"afLbgmsQNKCIIhQTkZpRrm"],3]],[1,"36WpuJWORHipKOguFtpHQf",null,null,null,1,0],[1,0,8,0]],[5,"img_home_video",33554432,3,[[2,-40,[0,"8cGgDUSJBC9ZGK3ew3ocnn"],[5,60,37]],[3,-41,[0,"cehAKijnVABZvsKetBE1sU"],6]],[1,"b78aT4+oNBcoDi/88LYOYF",null,null,null,1,0],[1,-90,7,0]],[5,"Label",33554432,3,[[2,-42,[0,"6a59SKctJBvLsDHTMSNmTp"],[5,112.31996154785156,67]],[26,"Claim",40,50,false,true,-43,[0,"e5OkF1jHFD6JbdQu/G2BTD"],7]],[1,"10l9FEjhhA57vu6UjbLR8n",null,null,null,1,0],[1,15,8,0]],[20,9,[0,"adSDr/1W9AibHekBGFoubW"]]],0,[0,4,1,0,0,1,0,0,1,0,0,1,0,5,13,0,0,1,0,-1,2,0,-2,4,0,-3,5,0,0,2,0,0,2,0,0,2,0,0,2,0,-1,8,0,0,3,0,0,3,0,0,3,0,-1,11,0,-2,12,0,0,4,0,0,4,0,-1,7,0,-2,9,0,0,5,0,0,5,0,-1,6,0,0,6,0,0,6,0,0,6,0,-1,10,0,0,7,0,0,7,0,0,7,0,0,8,0,0,8,0,0,9,0,-2,13,0,0,10,0,0,10,0,0,11,0,0,11,0,0,12,0,0,12,0,6,1,3,7,5,43],[0,0,0,0,0,0,0,0,0,0],[1,1,1,2,1,3,1,2,1,3],[3,4,5,0,1,1,6,0,2,2]],[[{"name":"opacityMask","rect":{"x":0,"y":0,"width":4,"height":4},"offset":{"x":0,"y":0},"originalSize":{"width":4,"height":4},"rotated":false,"capInsets":[0,0,0,0],"vertices":{"rawPosition":[-2,-2,0,2,-2,0,-2,2,0,2,2,0],"indexes":[0,1,2,2,1,3],"uv":[0,4,4,4,0,0,4,0],"nuv":[0,0,1,0,0,1,1,1],"minPos":{"x":-2,"y":-2,"z":0},"maxPos":{"x":2,"y":2,"z":0}},"packable":true,"pixelsToUnit":100,"pivot":{"x":0.5,"y":0.5},"meshType":0}],[5],0,[0],[8],[7]]]]
