[1,["a1XVjVUQRLgadBYWiw601i@6c48a"],["_textureSource"],["cc.SpriteFrame"],0,[{"name":"homeUI_ (6)","rect":{"x":0,"y":0,"width":1585,"height":536},"offset":{"x":0,"y":0},"originalSize":{"width":1585,"height":536},"rotated":false,"capInsets":[0,0,0,0],"vertices":{"rawPosition":[-792.5,-268,0,792.5,-268,0,-792.5,268,0,792.5,268,0],"indexes":[0,1,2,2,1,3],"uv":[0,536,1585,536,0,0,1585,0],"nuv":[0,0,1,0,0,1,1,1],"minPos":{"x":-792.5,"y":-268,"z":0},"maxPos":{"x":792.5,"y":268,"z":0}},"packable":false,"pixelsToUnit":100,"pivot":{"x":0.5,"y":0.5},"meshType":0}],[0],0,[0],[0],[0]]
