[1,["47m0MCZ9hEgaHXZfbp85R/@6c48a","a7YStUNeNCOKGpSntUY1g5","76kM4f0QROvoaqe2K/XdP+","e39F13gztCqZ7Jn3OuI+5L@21e55"],["node","mainTexture","_effectAsset","root","data","_mesh"],[["cc.Node",["_name","_components","_prefab","_children","_lpos","_parent","_lscale"],2,9,4,2,5,1,5],["cc.Material",["_name","_states","_defines","_props"],0,12],["cc.Prefab",["_name"],2],["24fberoPHNLoJWdQpNCwcqA",["trapType","node","__prefab","cldSize","boomSize"],2,1,4,5,5],["cc.CompPrefabInfo",["fileId"],2],["cc.PrefabInfo",["fileId","instance","targetOverrides","nestedPrefabInstanceRoots","root","asset"],-1,1,1],["cc.MeshRenderer",["node","__prefab","_materials","bakeSettings","_mesh"],3,1,4,3,4,6],["cc.ModelBakeSettings",[],3]],[[4,0,2],[5,0,1,2,3,4,5,5],[1,0,1,2,3,4],[2,0,2],[0,0,3,1,2,4,2],[0,0,5,1,2,6,2],[3,0,1,2,3,4,2],[6,0,1,2,3,4,1],[7,1]],[[[[2,"LandMine",[{"rasterizerState":{},"depthStencilState":{},"blendState":{"targets":[{}]}},{"rasterizerState":{},"depthStencilState":{},"blendState":{"targets":[{}]}},{"rasterizerState":{},"depthStencilState":{},"blendState":{"targets":[{}]}},{"rasterizerState":{},"depthStencilState":{},"blendState":{"targets":[{}]}}],[{"USE_OUTLINE_PASS":true,"USE_INSTANCING":true,"USE_BASE_COLOR_MAP":true},{"USE_INSTANCING":true,"USE_BASE_COLOR_MAP":true,"BASE_COLOR_MAP_AS_SHADE_MAP_1":true,"BASE_COLOR_MAP_AS_SHADE_MAP_2":true},{},{}],[[[{},"baseColor",8,[4,4294967295]],[{},"mainColor",8,[4,4294967295],"specular",8,[4,1308622847],"mainTexture",6,0],{},{}],11,11,0,0]]],0,0,[0,0],[1,2],[0,1]],[[[3,"LandMine"],[4,"LandMine",[-3],[[6,6,-2,[0,"5074fPE31LMo+qRbZou0BE"],[5,2,2],[5,4,4]]],[1,"ccG8t23NtIMoL27lfZPpd1",null,null,null,-1,0],[1,-14.114,0,-0.662]],[5,"mine",1,[[7,-4,[0,"8aQZa6+uxFc40JqydEzcHw"],[0],[8],1]],[1,"d9diUJMi1A67sch7hYk/EH",null,null,null,1,0],[1,1.5,1.5,1.5]]],0,[0,3,1,0,0,1,0,-1,2,0,0,2,0,4,1,4],[0,0],[-1,5],[2,3]]]]
