[1,["9dsAWrV4BFYpF4g5l+vPqR@7ae61","9dsAWrV4BFYpF4g5l+vPqR@b5f1d","f6SJZOjTJB/JrJeh5xTdF7"],["root","node","data","_mesh","_effectAsset"],[["cc.Node",["_name","_prefab","_children","_parent","_components"],2,4,2,1,9],["cc.Prefab",["_name"],2],["cc.PrefabInfo",["fileId","instance","targetOverrides","nestedPrefabInstanceRoots","root","asset"],-1,1,1],["cc.MeshRenderer",["node","__prefab","_materials","bakeSettings","_mesh"],3,1,4,3,4,6],["cc.CompPrefabInfo",["fileId"],2],["cc.ModelBakeSettings",[],3],["cc.Material",["_name","_states","_defines","_props"],0,12]],[[2,0,1,2,3,4,5,5],[1,0,2],[0,0,2,1,2],[0,0,3,4,1,2],[3,0,1,2,3,4,1],[4,0,2],[5,1],[6,0,1,2,3,4]],[[[[1,"Shotgun"],[2,"Shotgun",[-2],[0,"b5uYolO+hVOqvOloHglJxj",null,null,null,-1,0]],[3,"Shotgun",1,[[4,-3,[5,"d9bwcWfkdQjKtL2iK1GTIJ"],[0],[6],1]],[0,"c9ZCns6KZSCaWQKpOmOf8E",null,null,null,1,0]]],0,[0,0,1,0,-1,2,0,1,2,0,2,1,3],[0,0],[-1,3],[0,1]],[[[7,"Material #71",[{"rasterizerState":{},"blendState":{"targets":[{}]},"depthStencilState":{}}],[{"DCC_APP_NAME":1}],[[[{"albedoScale":1,"specularFactor":0,"shininessExponent":2,"emissiveScale":0},"mainColor",8,[4,4291480266],"specularColor",8,[4,4294177779],"emissive",8,[4,4278190080]]],11]]],0,0,[0],[4],[2]]]]
