[1,["1brw/JvvpFnIvdrxpFCgMZ","c5W2nXMlNHrJgjnHwjeYPe","12Y9dMgWdJKJGmTiZyQR9H@a804a"],["_effectAsset","root","node","data","_mesh"],[["cc.Material",["_name","_states","_defines","_props"],0,12],["cc.Prefab",["_name"],2],["cc.Node",["_name","_components","_prefab","_lscale"],2,9,4,5],["cc.MeshRenderer",["_name","node","__prefab","_materials","bakeSettings","_mesh"],2,1,4,3,4,6],["cc.CompPrefabInfo",["fileId"],2],["cc.ModelBakeSettings",[],3],["cc.PrefabInfo",["fileId","instance","targetOverrides","nestedPrefabInstanceRoots","root","asset"],-1,1,1]],[[0,0,1,2,3,4],[1,0,2],[2,0,1,2,3,2],[3,0,1,2,3,4,5,2],[4,0,2],[5,1],[6,0,1,2,3,4,5,5]],[[[[0,"test-mark",[{"rasterizerState":{},"depthStencilState":{},"blendState":{"targets":[{}]}},{"rasterizerState":{},"depthStencilState":{},"blendState":{"targets":[{}]}},{"rasterizerState":{},"depthStencilState":{},"blendState":{"targets":[{}]}}],[{"USE_INSTANCING":true},{},{}],[[[{"roughness":0.8,"metallic":0.6},"mainColor",8,[4,4278250495]],{},{}],11,0,0]]],0,0,[0],[0],[0]],[[[1,"testMark"],[2,"testMark",[[3,"Cube<ModelComponent>",-2,[4,"d10hkfhLhMyocGYFpxHmjq"],[0],[5],1]],[6,"1eQ9/F5tZBAo9zzflgz2ls",null,null,null,-1,0],[1,5,5,5]]],0,[0,1,1,0,2,1,0,3,1,2],[0,0],[-1,4],[1,2]]]]
