[1,["3eeTB+xJRE3JRQUVNMR498@d90a4","3eeTB+xJRE3JRQUVNMR498@57d3d","f6SJZOjTJB/JrJeh5xTdF7"],["root","node","data","_mesh","_effectAsset"],[["cc.Node",["_name","_prefab","_children","_parent","_components"],2,4,2,1,9],["cc.Mesh",["_native","_hash","_struct"],1,11],["cc.Prefab",["_name"],2],["cc.PrefabInfo",["fileId","instance","targetOverrides","nestedPrefabInstanceRoots","root","asset"],-1,1,1],["cc.MeshRenderer",["node","__prefab","_materials","bakeSettings","_mesh"],3,1,4,3,4,6],["cc.CompPrefabInfo",["fileId"],2],["cc.ModelBakeSettings",[],3],["cc.Material",["_name","_states","_defines","_props"],0,12]],[[3,0,1,2,3,4,5,5],[1,0,1,2,3],[2,0,2],[0,0,2,1,2],[0,0,3,4,1,2],[4,0,1,2,3,4,1],[5,0,2],[6,1],[7,0,1,2,3,4]],[[[[1,".bin",3637820277,[{"primitives":[{"primitiveMode":7,"vertexBundelIndices":[0],"indexView":{"offset":114000,"length":6084,"count":3042,"stride":2}}],"vertexBundles":[{"view":{"offset":0,"length":114000,"count":2375,"stride":48},"attributes":[{"name":"a_position","format":32,"isNormalized":false},{"name":"a_normal","format":32,"isNormalized":false},{"name":"a_texCoord","format":21,"isNormalized":false},{"name":"a_tangent","format":44,"isNormalized":false}]}]},"minPosition",8,[1,-5.000001907348633,-0.8678580522537231,-5.000001907348633],"maxPosition",8,[1,5.000001430511475,0.7622675895690918,5.000001907348633]]],-1],0,0,[],[],[]],[[[2,"Decorate_Turning_A"],[3,"Decorate_Turning_A",[-2],[0,"0ee/WwCT9fwICbKatO+E13",null,null,null,-1,0]],[4,"Decorate_Turning",1,[[5,-3,[6,"adctYAxN9dho5Yf5BSQ6ge"],[0],[7],1]],[0,"62or7OmsNY4JNBIowYEd0R",null,null,null,1,0]]],0,[0,0,1,0,-1,2,0,1,2,0,2,1,3],[0,0],[-1,3],[0,1]],[[[8,"01 - Default",[{"rasterizerState":{},"blendState":{"targets":[{}]},"depthStencilState":{}}],[{"DCC_APP_NAME":1}],[[[{"albedoScale":1,"specularFactor":0,"shininessExponent":1.9999998807907104,"emissiveScale":0},"mainColor",8,[4,4291480266],"specularColor",8,[4,4294177779],"emissive",8,[4,4278190080]]],11]]],0,0,[0],[4],[2]]]]
