[1,["39EERtMblD/a8sAR7STYie","c5jx14ixVITr7NPmQR8ftM@624b0","47m0MCZ9hEgaHXZfbp85R/@6c48a","cbczIpucNBLYJapJ0EKMDI"],["node","root","data","_mesh","mainTexture","_effectAsset"],[["cc.Prefab",["_name"],2],["cc.Node",["_name","_components","_prefab"],2,9,4],["cc.MeshRenderer",["node","__prefab","_materials","bakeSettings","_mesh"],3,1,4,3,4,6],["cc.CompPrefabInfo",["fileId"],2],["cc.ModelBakeSettings",[],3],["9071c4e2TJOWaiJaOIM4/Xm",["node","__prefab"],3,1,4],["cc.PrefabInfo",["fileId","instance","targetOverrides","nestedPrefabInstanceRoots","root","asset"],-1,1,1],["cc.Material",["_name","_states","_defines","_props"],0,12],["cc.Mesh",["_native","_hash","_struct"],1,11]],[[3,0,2],[0,0,2],[1,0,1,2,2],[2,0,1,2,3,4,1],[4,1],[5,0,1,1],[6,0,1,2,3,4,5,5],[7,0,1,2,3,4],[8,0,1,2,3]],[[[[1,"Grenades"],[2,"Grenades",[[3,-2,[0,"8ay9jC4SlP9J8tRukITsfy"],[0],[4],1],[5,-3,[0,"79JEKj/RRDZrTVS4dMJD0W"]]],[6,"dfaYHcwMhGGqlV8ZE5HBRc",null,null,null,-1,0]]],0,[0,1,1,0,0,1,0,0,1,0,2,1,3],[0,0],[-1,3],[0,1]],[[[7,"Grenades",[{"rasterizerState":{},"depthStencilState":{},"blendState":{"targets":[{}]}},{"rasterizerState":{},"depthStencilState":{},"blendState":{"targets":[{}]}},{"rasterizerState":{},"depthStencilState":{},"blendState":{"targets":[{}]}},{"rasterizerState":{},"depthStencilState":{},"blendState":{"targets":[{}]}}],[{"USE_INSTANCING":true},{"USE_INSTANCING":true,"USE_BASE_COLOR_MAP":true,"BASE_COLOR_MAP_AS_SHADE_MAP_1":true,"BASE_COLOR_MAP_AS_SHADE_MAP_2":true},{},{}],[[{},[{},"mainColor",8,[4,4294967295],"mainTexture",6,0],{},{}],0,11,0,0]]],0,0,[0,0],[4,5],[2,3]],[[[8,".bin",2439799657,[{"primitives":[{"primitiveMode":7,"vertexBundelIndices":[0],"indexView":{"offset":30048,"length":3666,"count":1833,"stride":2}}],"vertexBundles":[{"view":{"offset":0,"length":30048,"count":626,"stride":48},"attributes":[{"name":"a_position","format":32,"isNormalized":false},{"name":"a_normal","format":32,"isNormalized":false},{"name":"a_texCoord","format":21,"isNormalized":false},{"name":"a_tangent","format":44,"isNormalized":false}]}]},"minPosition",8,[1,-0.13389353454113007,-0.15621091425418854,-0.1371680498123169],"maxPosition",8,[1,0.2199992537498474,0.23506097495555878,0.1347765326499939]]],-1],0,0,[],[],[]]]]
