[1,["72ConM0NBAwKwPvUSwiyb0@6c48a","c7aIDdd5NBvJvxh5FEpXjA","74mJGdwiZNP4qWdYwiv++5@48bd7","75RH57ClBH0Yqnu61yiF+P"],["node","mainTexture","_effectAsset","root","data","mergeMesh"],[["cc.Material",["_name","_techIdx","_states","_defines","_props"],-1,12],["cc.Prefab",["_name"],2],["cc.Node",["_name","_components","_prefab"],2,9,4],["72632+6gCJE3JD050ETr+qn",["animTime","initAngY","node","__prefab","bulletSize","mergeMesh"],1,1,4,5,6],["cc.CompPrefabInfo",["fileId"],2],["cc.MeshRenderer",["_name","node","__prefab","_materials","bakeSettings"],2,1,4,3,4],["cc.ModelBakeSettings",[],3],["cc.PrefabInfo",["fileId","instance","targetOverrides","nestedPrefabInstanceRoots","root","asset"],-1,1,1]],[[4,0,2],[0,0,1,2,3,4,5],[1,0,2],[2,0,1,2,2],[3,0,1,2,3,4,5,3],[5,0,1,2,3,4,2],[6,1],[7,0,1,2,3,4,5,5]],[[[[1,"mergePistolBullet","2",[{"rasterizerState":{},"depthStencilState":{},"blendState":{"targets":[{}]}}],[{"USE_INSTANCING":true,"USE_TEXTURE":true}],[[[{},"quadScale",8,[2,0.7,1,1.2,1],"mainColor",8,[4,4286479998],"mainTexture",6,0]],11]]],0,0,[0,0],[1,2],[0,1]],[[[2,"mergePistolBullet"],[3,"mergePistolBullet",[[4,0.8,90,-2,[0,"49qx3gA+pI5IBCNLOm2c1T"],[5,0.2,0.2],0],[5,"Cube<ModelComponent>",-3,[0,"abESbOpcJBY4WgQxcX6f6S"],[1],[6]]],[7,"09raZeF51Bo5J5V8hHAAlL",null,null,null,-1,0]]],0,[0,3,1,0,0,1,0,0,1,0,4,1,3],[0,0],[5,-1],[2,3]]]]
