[1,["b6vh0BluhDA5WT/3V3TzZV@6c48a","cbczIpucNBLYJapJ0EKMDI","7ac+aKLYlLvJ810jlxdUqI","ceq8KCNOZJ5IA92XFnl0cs@48718"],["node","mainTexture","_effectAsset","root","data","_mesh"],[["cc.Material",["_name","_states","_defines","_props"],0,12],["cc.Prefab",["_name"],2],["cc.Node",["_name","_components","_prefab"],2,9,4],["cc.MeshRenderer",["node","__prefab","_materials","bakeSettings","_mesh"],3,1,4,3,4,6],["cc.CompPrefabInfo",["fileId"],2],["cc.ModelBakeSettings",[],3],["9071c4e2TJOWaiJaOIM4/Xm",["node","__prefab"],3,1,4],["cc.PrefabInfo",["fileId","instance","targetOverrides","nestedPrefabInstanceRoots","root","asset"],-1,1,1],["cc.Mesh",["_native","_hash","_struct"],1,11]],[[4,0,2],[0,0,1,2,3,4],[1,0,2],[2,0,1,2,2],[3,0,1,2,3,4,1],[5,1],[6,0,1,1],[7,0,1,2,3,4,5,5],[8,0,1,2,3]],[[[[1,"FireGun",[{"rasterizerState":{},"depthStencilState":{},"blendState":{"targets":[{}]}},{"rasterizerState":{},"depthStencilState":{},"blendState":{"targets":[{}]}},{"rasterizerState":{},"depthStencilState":{},"blendState":{"targets":[{}]}},{"rasterizerState":{},"depthStencilState":{},"blendState":{"targets":[{}]}}],[{"USE_INSTANCING":true},{"USE_INSTANCING":true,"USE_BASE_COLOR_MAP":true,"BASE_COLOR_MAP_AS_SHADE_MAP_1":true,"BASE_COLOR_MAP_AS_SHADE_MAP_2":true},{},{}],[[{},[{},"mainColor",8,[4,4294967295],"mainTexture",6,0],{},{}],0,11,0,0]]],0,0,[0,0],[1,2],[0,1]],[[[2,"FireGun"],[3,"FireGun",[[4,-2,[0,"c0hRbp0ghDIpD8Vj+kOuew"],[0],[5],1],[6,-3,[0,"9cPn0ztIxNbqnGgej94+vp"]]],[7,"feWZbvdr9DhJ2Ks+cu4CRi",null,null,null,-1,0]]],0,[0,3,1,0,0,1,0,0,1,0,4,1,3],[0,0],[-1,5],[2,3]],[[[8,".bin",3801526106,[{"primitives":[{"primitiveMode":7,"vertexBundelIndices":[0],"indexView":{"offset":86976,"length":5328,"count":2664,"stride":2}}],"vertexBundles":[{"view":{"offset":0,"length":86976,"count":1812,"stride":48},"attributes":[{"name":"a_position","format":32,"isNormalized":false},{"name":"a_normal","format":32,"isNormalized":false},{"name":"a_texCoord","format":21,"isNormalized":false},{"name":"a_tangent","format":44,"isNormalized":false}]}]},"minPosition",8,[1,-0.04142996296286583,-0.10175054520368576,-0.31273165345191956],"maxPosition",8,[1,0.03797438368201256,0.18544712662696838,0.6168535947799683]]],-1],0,0,[],[],[]]]]
