[1,["82egORgoxNU4rKO8jXqFK1","72NvpbT4dB6Y1Ev2I2umvy@73688","ediatxeSZD7bcRM1ZUjE3y@6c48a","cbczIpucNBLYJapJ0EKMDI"],["node","root","data","_mesh","mainTexture","_effectAsset"],[["cc.Prefab",["_name"],2],["cc.Node",["_name","_components","_prefab"],2,9,4],["cc.MeshRenderer",["node","__prefab","_materials","bakeSettings","_mesh"],3,1,4,3,4,6],["cc.CompPrefabInfo",["fileId"],2],["cc.ModelBakeSettings",[],3],["9071c4e2TJOWaiJaOIM4/Xm",["node","__prefab"],3,1,4],["cc.PrefabInfo",["fileId","instance","targetOverrides","nestedPrefabInstanceRoots","root","asset"],-1,1,1],["cc.Material",["_name","_states","_defines","_props"],0,12]],[[3,0,2],[0,0,2],[1,0,1,2,2],[2,0,1,2,3,4,1],[4,1],[5,0,1,1],[6,0,1,2,3,4,5,5],[7,0,1,2,3,4]],[[[[1,"MachineGun"],[2,"MachineGun",[[3,-2,[0,"0bjNdYNLVLbYNIgj26MZWx"],[0],[4],1],[5,-3,[0,"cf/g2jsUdKKL5ObYb5MDG0"]]],[6,"7bUOJCvs9DzIcavs0sVGDw",null,null,null,-1,0]]],0,[0,1,1,0,0,1,0,0,1,0,2,1,3],[0,0],[-1,3],[0,1]],[[[7,"MachineGun",[{"rasterizerState":{},"depthStencilState":{},"blendState":{"targets":[{}]}},{"rasterizerState":{},"depthStencilState":{},"blendState":{"targets":[{}]}},{"rasterizerState":{},"depthStencilState":{},"blendState":{"targets":[{}]}},{"rasterizerState":{},"depthStencilState":{},"blendState":{"targets":[{}]}}],[{"USE_INSTANCING":true},{"USE_INSTANCING":true,"USE_BASE_COLOR_MAP":true,"BASE_COLOR_MAP_AS_SHADE_MAP_1":true,"BASE_COLOR_MAP_AS_SHADE_MAP_2":true},{},{}],[[{},[{},"mainColor",8,[4,4294967295],"mainTexture",6,0],{},{}],0,11,0,0]]],0,0,[0,0],[4,5],[2,3]]]]
