[1,["11naWO5HBKjY1Cq0n6YqFV@6c48a","9bIKUUbMNJ3rIWtrhjBGJJ","b8inhIxh5B44w4isyxpsU+","a4RNNCdqlMuYCwadXq+frP@d6a09"],["mainTexture","_effectAsset","root","node","data","_mesh"],[["cc.Material",["_name","_states","_defines","_props"],0,12],["cc.Prefab",["_name"],2],["cc.Node",["_name","_components","_prefab","_lpos","_lrot","_lscale","_euler"],2,9,4,5,5,5,5],["cc.MeshRenderer",["_shadowCastingMode","node","__prefab","_materials","bakeSettings","_mesh"],2,1,4,3,4,6],["cc.CompPrefabInfo",["fileId"],2],["cc.ModelBakeSettings",[],3],["cc.PrefabInfo",["fileId","instance","targetOverrides","nestedPrefabInstanceRoots","root","asset"],-1,1,1]],[[0,0,1,2,3,4],[1,0,2],[2,0,1,2,3,4,5,6,2],[3,0,1,2,3,4,5,2],[4,0,2],[5,1],[6,0,1,2,3,4,5,5]],[[[[0,"Architecture_C",[{"rasterizerState":{},"depthStencilState":{},"blendState":{"targets":[{}]}},{"rasterizerState":{},"depthStencilState":{},"blendState":{"targets":[{}]}},{"rasterizerState":{},"depthStencilState":{},"blendState":{"targets":[{}]}},{"rasterizerState":{},"depthStencilState":{},"blendState":{"targets":[{}]}}],[{"USE_INSTANCING":true},{"USE_INSTANCING":true,"USE_BASE_COLOR_MAP":true,"BASE_COLOR_MAP_AS_SHADE_MAP_1":true,"BASE_COLOR_MAP_AS_SHADE_MAP_2":true},{},{}],[[{},[{},"mainColor",8,[4,4294967295],"mainTexture",6,0],{},{}],0,11,0,0]]],0,0,[0,0],[0,1],[0,1]],[[[1,"Architecture_C"],[2,"Architecture_C",[[3,1,-2,[4,"756G460jVFzJrlz7Eq5jb0"],[0],[5],1]],[6,"82t26bsuVISb7XE5bOrqtv",null,null,null,-1,0],[1,-5.854,0,0],[3,0,0.7071067811865475,0,0.7071067811865476],[1,1.3,1.2,1.3],[1,0,90,0]]],0,[0,2,1,0,3,1,0,4,1,2],[0,0],[-1,5],[2,3]]]]
