[1,["47m0MCZ9hEgaHXZfbp85R/@6c48a","a7YStUNeNCOKGpSntUY1g5","9acrwbG4hPZKClWtcZNkse","cbeHSJGgJOS4Q9pbhHwq+t@17318","acXffAStFORLtesmefvQRt","cbeHSJGgJOS4Q9pbhHwq+t@cafeb"],["node","root","_mesh","mainTexture","_effectAsset","moveTarget","data"],[["cc.Node",["_name","_active","_prefab","_components","_parent","_children","_lrot","_euler","_lpos"],1,4,9,1,2,5,5,5],["cc.PrefabInfo",["fileId","instance","nestedPrefabInstanceRoots","targetOverrides","root","asset"],-1,1,1],["cc.MeshRenderer",["_shadowCastingMode","node","__prefab","_materials","bakeSettings","_mesh"],2,1,4,3,4,6],["cc.Prefab",["_name"],2],["a6716rgOTFIqLSTGZEo1sNd",["trapType","node","__prefab","cldSize","moveTarget","root"],2,1,4,5,1,1],["cc.CompPrefabInfo",["fileId"],2],["cc.ModelBakeSettings",[],3],["cc.Material",["_name","_states","_defines","_props"],0,12],["cc.Mesh",["_native","_hash","_struct"],1,11]],[[5,0,2],[1,0,1,3,2,4,5,5],[6,1],[7,0,1,2,3,4],[8,0,1,2,3],[3,0,2],[0,0,1,5,3,2,3],[0,0,4,5,2,6,7,2],[0,0,4,3,2,8,6,7,2],[0,0,4,3,2,8,2],[4,0,1,2,3,4,5,2],[1,0,1,2,3,4,5,5],[2,0,1,2,3,4,5,2],[2,1,2,3,4,5,1]],[[[[5,"Hammer"],[6,"Hammer",false,[-5],[[10,2,-4,[0,"70ejurF7xFnrsFzJwKfjTF"],[5,2,2],-3,-2]],[11,"a6THUvzCZNiqk4npDZ6tup",null,null,[],-1,0]],[7,"Root",1,[-6,-7],[1,"1aySR9kPNMYq1yV9h9HVqa",null,null,null,1,0],[3,0,1,0,6.123233995736766e-17],[1,0,180,0]],[8,"Hammer",2,[[12,1,-8,[0,"68MAWd0UBFfLAZ+k/9fpij"],[0],[2],1]],[1,"6aYwxpTERLJZV/myb8k8gU",null,null,null,1,0],[1,4.5,0.991596519947052,-7.629394360719743e-8],[3,0,0,0.49999999999999994,0.8660254037844387],[1,0,0,60]],[9,"Foundation",2,[[13,-9,[0,"f3f4MFL1FP5bum3nYnb8GE"],[2],[2],3]],[1,"c3oG+OnS1PjocRlst8YuSq",null,null,null,1,0],[1,4.5,0,0]]],0,[0,1,1,0,1,2,0,5,3,0,0,1,0,-1,2,0,-1,3,0,-2,4,0,0,3,0,0,4,0,6,1,9],[0,0,0,0],[-1,2,-1,2],[2,3,4,5]],[[[3,"Hammer",[{"rasterizerState":{},"depthStencilState":{},"blendState":{"targets":[{}]}},{"rasterizerState":{},"depthStencilState":{},"blendState":{"targets":[{}]}},{"rasterizerState":{},"depthStencilState":{},"blendState":{"targets":[{}]}},{"rasterizerState":{},"depthStencilState":{},"blendState":{"targets":[{}]}}],[{"USE_OUTLINE_PASS":true,"USE_INSTANCING":true,"USE_BASE_COLOR_MAP":true},{"USE_INSTANCING":true,"USE_BASE_COLOR_MAP":true,"BASE_COLOR_MAP_AS_SHADE_MAP_1":true,"BASE_COLOR_MAP_AS_SHADE_MAP_2":true},{},{}],[[[{},"baseColor",8,[4,4294967295]],[{},"mainColor",8,[4,4294967295],"specular",8,[4,1308622847],"mainTexture",6,0],{},{}],11,11,0,0]]],0,0,[0,0],[3,4],[0,1]],[[[3,"Foundation",[{"rasterizerState":{},"depthStencilState":{},"blendState":{"targets":[{}]}},{"rasterizerState":{},"depthStencilState":{},"blendState":{"targets":[{}]}},{"rasterizerState":{},"depthStencilState":{},"blendState":{"targets":[{}]}},{"rasterizerState":{},"depthStencilState":{},"blendState":{"targets":[{}]}}],[{"USE_OUTLINE_PASS":true,"USE_INSTANCING":true,"USE_BASE_COLOR_MAP":true},{"USE_INSTANCING":true,"USE_BASE_COLOR_MAP":true,"BASE_COLOR_MAP_AS_SHADE_MAP_1":true,"BASE_COLOR_MAP_AS_SHADE_MAP_2":true},{},{}],[[[{},"baseColor",8,[4,4294967295]],[{},"mainColor",8,[4,4294967295],"specular",8,[4,1308622847],"mainTexture",6,0],{},{}],11,11,0,0]]],0,0,[0,0],[3,4],[0,1]],[[[4,".bin",1117778211,[{"primitives":[{"primitiveMode":7,"vertexBundelIndices":[0],"indexView":{"offset":20016,"length":3468,"count":1734,"stride":2}}],"vertexBundles":[{"view":{"offset":0,"length":20016,"count":417,"stride":48},"attributes":[{"name":"a_position","format":32,"isNormalized":false},{"name":"a_normal","format":32,"isNormalized":false},{"name":"a_texCoord","format":21,"isNormalized":false},{"name":"a_tangent","format":44,"isNormalized":false}]}]},"minPosition",8,[1,-1.1449676752090454,-0.30920106172561646,-1.4579182863235474],"maxPosition",8,[1,1.1357134580612183,5.396438121795654,1.4579176902770996]]],-1],0,0,[],[],[]],[[[4,".bin",45267255,[{"primitives":[{"primitiveMode":7,"vertexBundelIndices":[0],"indexView":{"offset":6720,"length":768,"count":384,"stride":2}}],"vertexBundles":[{"view":{"offset":0,"length":6720,"count":140,"stride":48},"attributes":[{"name":"a_position","format":32,"isNormalized":false},{"name":"a_normal","format":32,"isNormalized":false},{"name":"a_texCoord","format":21,"isNormalized":false},{"name":"a_tangent","format":44,"isNormalized":false}]}]},"minPosition",8,[1,-0.7940009236335754,-0.14385899901390076,-1.264708399772644],"maxPosition",8,[1,0.7940009236335754,1.4924582242965698,1.2647085189819336]]],-1],0,0,[],[],[]]]]
