[1,["47m0MCZ9hEgaHXZfbp85R/@6c48a","cbczIpucNBLYJapJ0EKMDI","26bVHUMG5J8YaPTlNlbd99","daT+Vxp71OxYhbcJ50AP2p@f6fbd"],["node","mainTexture","_effectAsset","root","data","_mesh"],[["cc.Material",["_name","_states","_defines","_props"],0,12],["cc.Prefab",["_name"],2],["cc.Node",["_name","_components","_prefab"],2,9,4],["cc.MeshRenderer",["node","__prefab","_materials","bakeSettings","_mesh"],3,1,4,3,4,6],["cc.CompPrefabInfo",["fileId"],2],["cc.ModelBakeSettings",[],3],["9071c4e2TJOWaiJaOIM4/Xm",["node","__prefab"],3,1,4],["750bfka3LVF44YWlJ13lbL4",["node","__prefab"],3,1,4],["cc.PrefabInfo",["fileId","instance","targetOverrides","nestedPrefabInstanceRoots","root","asset"],-1,1,1],["cc.Mesh",["_native","_hash","_struct"],1,11]],[[4,0,2],[0,0,1,2,3,4],[1,0,2],[2,0,1,2,2],[3,0,1,2,3,4,1],[5,1],[6,0,1,1],[7,0,1,1],[8,0,1,2,3,4,5,5],[9,0,1,2,3]],[[[[1,"Grenades_throw",[{"rasterizerState":{},"depthStencilState":{},"blendState":{"targets":[{}]}},{"rasterizerState":{},"depthStencilState":{},"blendState":{"targets":[{}]}},{"rasterizerState":{},"depthStencilState":{},"blendState":{"targets":[{}]}},{"rasterizerState":{},"depthStencilState":{},"blendState":{"targets":[{}]}}],[{"USE_INSTANCING":true},{"USE_INSTANCING":true,"USE_BASE_COLOR_MAP":true,"BASE_COLOR_MAP_AS_SHADE_MAP_1":true,"BASE_COLOR_MAP_AS_SHADE_MAP_2":true},{},{}],[[{},[{},"mainColor",8,[4,4294967295],"mainTexture",6,0],{},{}],0,11,0,0]]],0,0,[0,0],[1,2],[0,1]],[[[2,"grenadesThrow"],[3,"grenadesThrow",[[4,-2,[0,"c4EbN5gHpLipwGgffupMu7"],[0],[5],1],[6,-3,[0,"aeIrNqA79LHaFOmKQt56in"]],[7,-4,[0,"1bz++R5i9IDoCUzUURXVJA"]]],[8,"e9kr53ThZGcJH+qd+TRsF0",null,null,null,-1,0]]],0,[0,3,1,0,0,1,0,0,1,0,0,1,0,4,1,4],[0,0],[-1,5],[2,3]],[[[9,".bin",4197016828,[{"primitives":[{"primitiveMode":7,"vertexBundelIndices":[0],"indexView":{"offset":20112,"length":1416,"count":708,"stride":2}}],"vertexBundles":[{"view":{"offset":0,"length":20112,"count":419,"stride":48},"attributes":[{"name":"a_position","format":32,"isNormalized":false},{"name":"a_normal","format":32,"isNormalized":false},{"name":"a_texCoord","format":21,"isNormalized":false},{"name":"a_tangent","format":44,"isNormalized":false}]}]},"minPosition",8,[1,-0.13479168713092804,-0.15621091425418854,-0.14528068900108337],"maxPosition",8,[1,0.2199992537498474,0.23506097495555878,0.12834523618221283]]],-1],0,0,[],[],[]]]]
