[1,["74mJGdwiZNP4qWdYwiv++5@48bd7","7aTv6ETLRAhIk3K7C4UuTI","71b91n2JpG8qlChMvhG1eA@6c48a","c7aIDdd5NBvJvxh5FEpXjA"],["node","root","data","mergeMesh","mainTexture","_effectAsset"],[["cc.Prefab",["_name"],2],["cc.Node",["_name","_components","_prefab"],2,9,4],["72632+6gCJE3JD050ETr+qn",["weaponType","animTime","initAngY","bulletScale","node","__prefab","bulletSize","mergeMesh"],-1,1,4,5,6],["cc.CompPrefabInfo",["fileId"],2],["cc.MeshRenderer",["_name","node","__prefab","_materials","bakeSettings"],2,1,4,3,4],["cc.ModelBakeSettings",[],3],["cc.PrefabInfo",["fileId","instance","targetOverrides","nestedPrefabInstanceRoots","root","asset"],-1,1,1],["cc.Mesh",["_native","_hash","_struct"],1,11],["cc.Material",["_name","_techIdx","_states","_defines","_props"],-1,12]],[[3,0,2],[0,0,2],[1,0,1,2,2],[2,0,1,2,3,4,5,6,7,5],[4,0,1,2,3,4,2],[5,1],[6,0,1,2,3,4,5,5],[7,0,1,2,3],[8,0,1,2,3,4,5]],[[[[1,"mergeFireGunBullet"],[2,"mergeFireGunBullet",[[3,2,0.8,90,2,-2,[0,"b5ckTJuP5JJZ0sRE75j1lV"],[5,0.5,0.5],0],[4,"Cube<ModelComponent>",-3,[0,"e468dL4/5AKZLvsdTpegmx"],[1],[5]]],[6,"4a0aaA7zdLcoNJhURuCfcH",null,null,null,-1,0]]],0,[0,1,1,0,0,1,0,0,1,0,2,1,3],[0,0],[3,-1],[0,1]],[[[7,".bin",2063382178,[{"primitives":[{"primitiveMode":7,"vertexBundelIndices":[0],"indexView":{"offset":192,"length":12,"count":6,"stride":2}}],"vertexBundles":[{"view":{"offset":0,"length":192,"count":4,"stride":48},"attributes":[{"name":"a_position","format":32,"isNormalized":false},{"name":"a_normal","format":32,"isNormalized":false},{"name":"a_texCoord","format":21,"isNormalized":false},{"name":"a_tangent","format":44,"isNormalized":false}]}]},"minPosition",8,[1,-0.5,-3.0616171314629196e-17,-0.5],"maxPosition",8,[1,0.5,3.0616171314629196e-17,0.5]]],-1],0,0,[],[],[]],[[[8,"mergeFireGunBullet","2",[{"rasterizerState":{},"depthStencilState":{},"blendState":{"targets":[{}]}}],[{"USE_INSTANCING":true,"USE_TEXTURE":true}],[[[{},"quadScale",8,[2,0.8,1,1,1],"mainColor",8,[4,4286414206],"mainTexture",6,0]],11]]],0,0,[0,0],[4,5],[2,3]]]]
