[1,["b0bOSudtlN0r+FN/Jd36pC@78e21","f6SJZOjTJB/JrJeh5xTdF7","b0bOSudtlN0r+FN/Jd36pC@cafeb","b0bOSudtlN0r+FN/Jd36pC@bbac5","b0bOSudtlN0r+FN/Jd36pC@51a88","b0bOSudtlN0r+FN/Jd36pC@efbfc"],["node","_mesh","_effectAsset","root","_parent","data"],[["cc.Node",["_name","_prefab","_parent","_children","_components","_lpos"],2,4,1,2,9,5],["cc.Material",["_name","_states","_defines","_props"],0,12],["cc.Prefab",["_name"],2],["cc.Node",["_name","_parent","_children","_components","_prefab","_lpos"],2,1,9,9,4,5],["cc.PrefabInfo",["fileId","instance","targetOverrides","nestedPrefabInstanceRoots","root","asset"],-1,1,1],["cc.MeshRenderer",["node","__prefab","_materials","bakeSettings","_mesh"],3,1,4,3,4,6],["cc.CompPrefabInfo",["fileId"],2],["cc.ModelBakeSettings",[],3]],[[4,0,1,2,3,4,5,5],[5,0,1,2,3,4,1],[6,0,2],[7,1],[0,0,2,4,1,2],[1,0,1,2,3,4],[2,0,2],[0,0,3,1,2],[0,0,2,3,1,2],[0,0,2,3,4,1,5,2],[0,0,2,1,5,2],[3,0,1,2,3,4,5,2]],[[[[5,"13 - Default",[{"rasterizerState":{},"blendState":{"targets":[{}]},"depthStencilState":{}}],[{"DCC_APP_NAME":1}],[[[{"albedoScale":1,"specularFactor":0,"shininessExponent":1.9999998807907104,"emissiveScale":0},"mainColor",8,[4,4291480266],"specularColor",8,[4,4294177779],"emissive",8,[4,4278190080]]],11]]],0,0,[0],[2],[1]],[[[6,"FortBarbette"],[7,"FortBarbette",[-2,-3],[0,"26rJu/AgxS36OeiZD90xwT",null,null,null,-1,0]],[8,"M_FortBarbette",1,[-4,-5],[0,"99bir5ashc0J/k/sckRYoF",null,null,null,1,0]],[9,"Fuselage",2,[-7],[[1,-6,[2,"71hP7UTrdRDp0rGNidKTnh"],[4],[3],5]],[0,"61mWtR7T9ca49hD684cpXB",null,null,null,1,0],[1,0,0.42246460914611816,-3.2360095048034054e-8]],[11,"BlastHoleBit",3,[[10,"SpecialEffects",-9,[0,"e6Co8zccFQqZr72QRNiNjB",null,null,null,1,0],[1,0.0008439001976512372,0.0018558884039521217,0.3787953555583954]]],[[1,-8,[2,"5fii4AYsxRiq1607fToYtK"],[2],[3],3]],[0,"42jBmdLpJSTbd32Np+Oawp",null,null,null,1,0],[1,1.8119811784345075e-7,0.07569500058889389,0.24601779878139496]],[4,"Foundation",2,[[1,-10,[2,"74VACvzhhVILlx3TEbQNtx"],[0],[3],1]],[0,"41BkCgcLlb35uQe3zENTa/",null,null,null,1,0]],[4,"AutoDoor",1,[[1,-11,[2,"e8/EzJzOFfh6/W4rRgciUS"],[6],[3],7]],[0,"76I6MwBeVf84fV7Uv2zH8c",null,null,null,1,0]]],0,[0,3,1,0,-1,2,0,-2,6,0,-1,5,0,-2,3,0,0,3,0,-1,4,0,0,4,0,4,4,0,0,5,0,0,6,0,5,1,11],[0,0,0,0,0,0,0,0],[-1,1,-1,1,-1,1,-1,1],[0,2,0,3,0,4,0,5]]]]
