[1,["12Y9dMgWdJKJGmTiZyQR9H@fc873","d7+UuRy39N7onJDk7O7ibK","f1KiPEuSRDIqJgPZgkKPHo@6c48a","c7aIDdd5NBvJvxh5FEpXjA"],["node","root","data","mergeMesh","mainTexture","_effectAsset"],[["cc.Prefab",["_name"],2],["cc.Node",["_name","_components","_prefab"],2,9,4],["fe0edmsAa5PqYoyarJQ69q6",["mergeType","groupNum","animTime","initScale","scaleFloat","scaleSpd","opacitySpd","node","__prefab","lineFloat","mergeMesh"],-4,1,4,5,6],["cc.CompPrefabInfo",["fileId"],2],["cc.MeshRenderer",["_name","node","__prefab","_materials","bakeSettings"],2,1,4,3,4],["cc.ModelBakeSettings",[],3],["cc.PrefabInfo",["fileId","instance","targetOverrides","nestedPrefabInstanceRoots","root","asset"],-1,1,1],["cc.Material",["_name","_techIdx","_states","_defines","_props"],-1,12]],[[3,0,2],[0,0,2],[1,0,1,2,2],[2,0,1,2,3,4,5,6,7,8,9,10,8],[4,0,1,2,3,4,2],[5,1],[6,0,1,2,3,4,5,5],[7,0,1,2,3,4,5]],[[[[1,"mergeEnemyByHit"],[2,"mergeEnemyByHit",[[3,1,12,0.7,0.5,0.15,-0.8,-1.2,-2,[0,"6cnYka2EhPF4NEYCtOT0H3"],[1,10,10,10],0],[4,"Cube<ModelComponent>",-3,[0,"abESbOpcJBY4WgQxcX6f6S"],[1],[5]]],[6,"09raZeF51Bo5J5V8hHAAlL",null,null,null,-1,0]]],0,[0,1,1,0,0,1,0,0,1,0,2,1,3],[0,0],[3,-1],[0,1]],[[[7,"merge-EnemyDeath","1",[{"rasterizerState":{},"depthStencilState":{},"blendState":{"targets":[{}]}}],[{"USE_TEXTURE":true,"USE_BILLBOARD":true,"USE_MIX_ALPHA":true}],[[[{},"mainColor",8,[4,4278190080],"mainTexture",6,0]],11]]],0,0,[0,0],[4,5],[2,3]]]]
