[1,["d3x4IMKphEKYvHuEU7yaxB","12Y9dMgWdJKJGmTiZyQR9H@2e76e"],["node","root","perfabsLayer","data","_mesh"],[["cc.Node",["_name","_active","_prefab","_components","_parent","_children","_lpos","_lrot","_euler","_lscale"],1,4,9,1,2,5,5,5,5],["cc.PrefabInfo",["fileId","instance","nestedPrefabInstanceRoots","targetOverrides","root","asset"],-1,1,1],["cc.Mesh",["_native","_hash","_struct"],1,11],["cc.Prefab",["_name"],2],["a6023B5i2FORIquIsXBKntO",["node","__prefab","layerNodeArr","perfabsLayer"],3,1,4,2,1],["cc.CompPrefabInfo",["fileId"],2],["4d6b6diR89KWq59OuECI/xS",["node","__prefab"],3,1,4],["cc.Camera",["_name","_orthoHeight","_far","_clearFlags","_visibility","node","__prefab","_color"],-2,1,4,5],["cc.MeshRenderer",["_name","node","__prefab","_materials","bakeSettings","_mesh"],2,1,4,3,4,6],["cc.ModelBakeSettings",[],3]],[[5,0,2],[1,0,1,3,2,4,5,5],[2,0,1,2,3],[3,0,2],[0,0,5,3,2,2],[0,0,4,5,3,2,2],[0,0,4,3,2,6,7,8,2],[0,0,4,2,2],[0,0,1,4,3,2,6,9,3],[4,0,1,2,3,1],[1,0,1,2,3,4,5,5],[6,0,1,1],[7,0,1,2,3,4,5,6,7,6],[8,0,1,2,3,4,5,2],[9,1]],[[[[2,".bin",2489017538,[{"primitives":[{"primitiveMode":7,"vertexBundelIndices":[0],"indexView":{"offset":6776,"length":1200,"count":600,"stride":2}}],"vertexBundles":[{"view":{"offset":0,"length":6776,"count":121,"stride":56},"attributes":[{"name":"a_position","format":32,"isNormalized":false},{"name":"a_normal","format":32,"isNormalized":false},{"name":"a_texCoord","format":21,"isNormalized":false},{"name":"a_tangent","format":44,"isNormalized":false},{"name":"a_texCoord1","format":21,"isNormalized":false}]}]},"minPosition",8,[1,-5,0,-5],"maxPosition",8,[1,5,0,5]]],-1],0,0,[],[],[]],[[[3,"LevelManager"],[4,"LevelManager",[-5,-6,-7],[[9,-4,[0,"27S0zBu8tBXbRgRFIHyfhb"],[-3],-2]],[10,"c46/YsCPVOJYA4mWEpNYRx",null,null,[],-1,0]],[5,"CameraLayer",1,[-9],[[11,-8,[0,"57TdkaJFdASKalYGTdIBS2"]]],[1,"a7saHr9MJFF5IJ2ANKzVa4",null,null,null,1,0]],[6,"Camera3D",2,[[12,"Camera<CameraComponent>",3,600,14,1074790400,-10,[0,"d2hOIeN1xGF5bKc9qYcUcF"],[4,4286073907]]],[1,"a9NshTf7lIZblWnBfcFeAh",null,null,null,1,0],[1,0,100,40],[3,-0.7071067811865475,0,0,0.7071067811865476],[1,-90,0,0]],[7,"PerfabsLayer",1,[1,"f3UFhUBBdLBId8FrIUd2MZ",null,null,null,1,0]],[8,"Plane",false,1,[[13,"Plane<ModelComponent>",-11,[0,"3186N9WjNHF4tIcKGA9ddJ"],[0],[14],1]],[1,"55RFn57ZFN96UuFAVCjvRX",null,null,null,1,0],[1,0,-1,0],[1,10,1,10]]],0,[0,1,1,0,2,4,0,-1,2,0,0,1,0,-1,2,0,-2,4,0,-3,5,0,0,2,0,-1,3,0,0,3,0,0,5,0,3,1,11],[0,0],[-1,4],[0,1]]]]
