[1,["f6SJZOjTJB/JrJeh5xTdF7","99J8mGinxEFpoiUgjYt4ld@7ae61","99J8mGinxEFpoiUgjYt4ld@491c0"],["_effectAsset","root","node","data","_mesh"],[["cc.Node",["_name","_prefab","_children","_parent","_components"],2,4,2,1,9],["cc.Mesh",["_native","_hash","_struct"],1,11],["cc.Material",["_name","_states","_defines","_props"],0,12],["cc.Prefab",["_name"],2],["cc.PrefabInfo",["fileId","instance","targetOverrides","nestedPrefabInstanceRoots","root","asset"],-1,1,1],["cc.MeshRenderer",["node","__prefab","_materials","bakeSettings","_mesh"],3,1,4,3,4,6],["cc.CompPrefabInfo",["fileId"],2],["cc.ModelBakeSettings",[],3]],[[4,0,1,2,3,4,5,5],[1,0,1,2,3],[2,0,1,2,3,4],[3,0,2],[0,0,2,1,2],[0,0,3,4,1,2],[5,0,1,2,3,4,1],[6,0,2],[7,1]],[[[[1,".bin",2956697341,[{"primitives":[{"primitiveMode":7,"vertexBundelIndices":[0],"indexView":{"offset":55584,"length":2316,"count":1158,"stride":2}}],"vertexBundles":[{"view":{"offset":0,"length":55584,"count":1158,"stride":48},"attributes":[{"name":"a_position","format":32,"isNormalized":false},{"name":"a_normal","format":32,"isNormalized":false},{"name":"a_texCoord","format":21,"isNormalized":false},{"name":"a_tangent","format":44,"isNormalized":false}]}]},"minPosition",8,[1,-0.039259959012269974,-0.09175758063793182,-0.13295774161815643],"maxPosition",8,[1,0.03805534541606903,0.1651480495929718,0.1930006593465805]]],-1],0,0,[],[],[]],[[[2,"Material #71",[{"rasterizerState":{},"blendState":{"targets":[{}]},"depthStencilState":{}}],[{"DCC_APP_NAME":1}],[[[{"albedoScale":1,"specularFactor":0,"shininessExponent":2,"emissiveScale":0},"mainColor",8,[4,4291480266],"specularColor",8,[4,4294177779],"emissive",8,[4,4278190080]]],11]]],0,0,[0],[0],[0]],[[[3,"Pistol"],[4,"Pistol",[-2],[0,"85EMrmeetXI4DJRxS+yjPz",null,null,null,-1,0]],[5,"Pistol",1,[[6,-3,[7,"c8r4lwbIlSg5yzBYypkozU"],[0],[8],1]],[0,"7554MeR1hV2qsXXTy2BYkY",null,null,null,1,0]]],0,[0,1,1,0,-1,2,0,2,2,0,3,1,3],[0,0],[-1,4],[1,2]]]]
