[1,["bdQ8dp/71JypzALYkpIR31","12Y9dMgWdJKJGmTiZyQR9H@a804a","1brw/JvvpFnIvdrxpFCgMZ"],["root","node","data","_mesh","_effectAsset"],[["cc.Prefab",["_name"],2],["cc.Node",["_name","_components","_prefab","_lscale"],2,9,4,5],["cc.MeshRenderer",["_name","node","__prefab","_materials","bakeSettings","_mesh"],2,1,4,3,4,6],["cc.CompPrefabInfo",["fileId"],2],["cc.ModelBakeSettings",[],3],["cc.PrefabInfo",["fileId","instance","targetOverrides","nestedPrefabInstanceRoots","root","asset"],-1,1,1],["cc.Material",["_name","_states","_defines","_props"],0,12]],[[0,0,2],[1,0,1,2,3,2],[2,0,1,2,3,4,5,2],[3,0,2],[4,1],[5,0,1,2,3,4,5,5],[6,0,1,2,3,4]],[[[[0,"testCld"],[1,"testCld",[[2,"Cube<ModelComponent>",-2,[3,"d10hkfhLhMyocGYFpxHmjq"],[0],[4],1]],[5,"1eQ9/F5tZBAo9zzflgz2ls",null,null,null,-1,0],[1,5,5,5]]],0,[0,0,1,0,1,1,0,2,1,2],[0,0],[-1,3],[0,1]],[[[6,"test-barrier",[{"rasterizerState":{},"depthStencilState":{},"blendState":{"targets":[{}]}},{"rasterizerState":{},"depthStencilState":{},"blendState":{"targets":[{}]}},{"rasterizerState":{},"depthStencilState":{},"blendState":{"targets":[{}]}}],[{"USE_INSTANCING":true},{},{}],[[[{"roughness":0.8,"metallic":0.6},"mainColor",8,[4,4278190335]],{},{}],11,0,0]]],0,0,[0],[4],[2]]]]
