[1,["a4RNNCdqlMuYCwadXq+frP@d90a4","a4RNNCdqlMuYCwadXq+frP@d6a09","f6SJZOjTJB/JrJeh5xTdF7"],["root","node","data","_mesh","_effectAsset"],[["cc.Node",["_name","_prefab","_children","_parent","_components"],2,4,2,1,9],["cc.Prefab",["_name"],2],["cc.PrefabInfo",["fileId","instance","targetOverrides","nestedPrefabInstanceRoots","root","asset"],-1,1,1],["cc.MeshRenderer",["node","__prefab","_materials","bakeSettings","_mesh"],3,1,4,3,4,6],["cc.CompPrefabInfo",["fileId"],2],["cc.ModelBakeSettings",[],3],["cc.Mesh",["_native","_hash","_struct"],1,11],["cc.Material",["_name","_states","_defines","_props"],0,12]],[[2,0,1,2,3,4,5,5],[1,0,2],[0,0,2,1,2],[0,0,3,4,1,2],[3,0,1,2,3,4,1],[4,0,2],[5,1],[6,0,1,2,3],[7,0,1,2,3,4]],[[[[1,"Architecture_C"],[2,"Architecture_C",[-2],[0,"3fynOGttJcTpVADT2x6KVn",null,null,null,-1,0]],[3,"Architecture_C",1,[[4,-3,[5,"58Qxoj2NVbQYbKKp+ZQxfm"],[0],[6],1]],[0,"1fj9ulwPBUPZ/zbQpLFCKH",null,null,null,1,0]]],0,[0,0,1,0,-1,2,0,1,2,0,2,1,3],[0,0],[-1,3],[0,1]],[[[7,".bin",3082899781,[{"primitives":[{"primitiveMode":7,"vertexBundelIndices":[0],"indexView":{"offset":165888,"length":7500,"count":3750,"stride":2}}],"vertexBundles":[{"view":{"offset":0,"length":165888,"count":3456,"stride":48},"attributes":[{"name":"a_position","format":32,"isNormalized":false},{"name":"a_normal","format":32,"isNormalized":false},{"name":"a_texCoord","format":21,"isNormalized":false},{"name":"a_tangent","format":44,"isNormalized":false}]}]},"minPosition",8,[1,-2.870800495147705,-0.17383840680122375,-2.8708086013793945],"maxPosition",8,[1,2.87081241607666,7.750442981719971,2.8708107471466064]]],-1],0,0,[],[],[]],[[[8,"01 - Default",[{"rasterizerState":{},"blendState":{"targets":[{}]},"depthStencilState":{}}],[{"DCC_APP_NAME":1}],[[[{"albedoScale":1,"specularFactor":0,"shininessExponent":1.9999998807907104,"emissiveScale":0},"mainColor",8,[4,4291480266],"specularColor",8,[4,4294177779],"emissive",8,[4,4278190080]]],11]]],0,0,[0],[4],[2]]]]
