[1,["516AkP/MZKoY4Jdm9kJTFx@6c48a","51X5RY35xFRopRwTLM3xKD"],["mainTexture","_effectAsset"],[["cc.Material",["_name","_states","_defines","_props"],0,12]],[[0,0,1,2,3,4]],[[0,"Dogface",[{"rasterizerState":{},"depthStencilState":{},"blendState":{"targets":[{}]}},{"rasterizerState":{},"depthStencilState":{},"blendState":{"targets":[{}]}},{"rasterizerState":{},"depthStencilState":{},"blendState":{"targets":[{}]}},{"rasterizerState":{},"depthStencilState":{},"blendState":{"targets":[{}]}}],[{"USE_INSTANCING":true},{"USE_INSTANCING":true,"USE_BASE_COLOR_MAP":true,"BASE_COLOR_MAP_AS_SHADE_MAP_1":true,"BASE_COLOR_MAP_AS_SHADE_MAP_2":true},{},{}],[[{},[{},"hitColor",8,[4,4289506476],"mainColor",8,[4,4294967295],"specular",8,[4,16777215],"mainTexture",6,0],{},{}],0,11,0,0]]],0,0,[0,0],[0,1],[0,1]]
