[1,["d9nnAksflAB4TMWv8p2YOJ@f9941","d9nnAksflAB4TMWv8p2YOJ@6c48a"],["spriteFrame","_textureSource"],["cc.SpriteFrame",["cc.LabelAtlas",["_name","fontSize","fntConfig"],0]],[[1,0,1,2,4]],[[[[0,"common_font_2",38.72,{"commonHeight":44,"fontSize":38,"atlasName":"UI_shuzi_002","fontDefDictionary":{"48":{"xOffset":0,"yOffset":0,"xAdvance":40,"rect":{"x":0,"y":0,"width":40,"height":44}},"49":{"xOffset":0,"yOffset":0,"xAdvance":40,"rect":{"x":40,"y":0,"width":40,"height":44}},"50":{"xOffset":0,"yOffset":0,"xAdvance":40,"rect":{"x":80,"y":0,"width":40,"height":44}},"51":{"xOffset":0,"yOffset":0,"xAdvance":40,"rect":{"x":120,"y":0,"width":40,"height":44}},"52":{"xOffset":0,"yOffset":0,"xAdvance":40,"rect":{"x":160,"y":0,"width":40,"height":44}},"53":{"xOffset":0,"yOffset":0,"xAdvance":40,"rect":{"x":200,"y":0,"width":40,"height":44}},"54":{"xOffset":0,"yOffset":0,"xAdvance":40,"rect":{"x":240,"y":0,"width":40,"height":44}},"55":{"xOffset":0,"yOffset":0,"xAdvance":40,"rect":{"x":280,"y":0,"width":40,"height":44}},"56":{"xOffset":0,"yOffset":0,"xAdvance":40,"rect":{"x":320,"y":0,"width":40,"height":44}},"57":{"xOffset":0,"yOffset":0,"xAdvance":40,"rect":{"x":360,"y":0,"width":40,"height":44}}},"kerningDict":{}}]],0,0,[0],[0],[0]],[[{"name":"UI_shuzi_002","rect":{"x":8,"y":3,"width":383,"height":37},"offset":{"x":-0.5,"y":0.5},"originalSize":{"width":400,"height":44},"rotated":false,"capInsets":[0,0,0,0],"vertices":{"rawPosition":[-191.5,-18.5,0,191.5,-18.5,0,-191.5,18.5,0,191.5,18.5,0],"indexes":[0,1,2,2,1,3],"uv":[8,41,391,41,8,4,391,4],"nuv":[0.02,0.09090909090909091,0.9775,0.09090909090909091,0.02,0.9318181818181818,0.9775,0.9318181818181818],"minPos":{"x":-191.5,"y":-18.5,"z":0},"maxPos":{"x":191.5,"y":18.5,"z":0}},"packable":true,"pixelsToUnit":100,"pivot":{"x":0.5,"y":0.5},"meshType":0}],[0],0,[0],[1],[1]]]]
