[1,["cbeHSJGgJOS4Q9pbhHwq+t@883e3","f6SJZOjTJB/JrJeh5xTdF7","cbeHSJGgJOS4Q9pbhHwq+t@17318","cbeHSJGgJOS4Q9pbhHwq+t@cafeb"],["node","_mesh","_effectAsset","root","data"],[["cc.Node",["_name","_prefab","_parent","_children","_components","_lpos"],2,4,1,2,9,5],["cc.Material",["_name","_states","_defines","_props"],0,12],["cc.Prefab",["_name"],2],["cc.PrefabInfo",["fileId","instance","targetOverrides","nestedPrefabInstanceRoots","root","asset"],-1,1,1],["cc.MeshRenderer",["node","__prefab","_materials","bakeSettings","_mesh"],3,1,4,3,4,6],["cc.CompPrefabInfo",["fileId"],2],["cc.ModelBakeSettings",[],3]],[[3,0,1,2,3,4,5,5],[4,0,1,2,3,4,1],[5,0,2],[6,1],[1,0,1,2,3,4],[2,0,2],[0,0,3,1,2],[0,0,2,3,1,2],[0,0,2,4,1,5,2],[0,0,2,4,1,2]],[[[[4,"14 - Default",[{"rasterizerState":{},"blendState":{"targets":[{}]},"depthStencilState":{}}],[{"DCC_APP_NAME":1}],[[[{"albedoScale":1,"specularFactor":0,"shininessExponent":1.9999998807907104,"emissiveScale":0},"mainColor",8,[4,4291480266],"specularColor",8,[4,4294177779],"emissive",8,[4,4278190080]]],11]]],0,0,[0],[2],[1]],[[[5,"Hammer"],[6,"Hammer",[-2],[0,"66A8T3EGRbP6ckFP06XIw+",null,null,null,-1,0]],[7,"Hammer",1,[-3,-4],[0,"0fgwl+C81bgZDx30fHn9Nk",null,null,null,1,0]],[8,"Hammer",2,[[1,-5,[2,"87xGh0zhdTdog824qQ84NW"],[0],[3],1]],[0,"93r/4MqdtdjKfgjmDv73MQ",null,null,null,1,0],[1,0,0.991596519947052,-7.629394360719743e-8]],[9,"Foundation",2,[[1,-6,[2,"4cTp2Gb2dfNI+YerNFOnuU"],[2],[3],3]],[0,"36c7L6AINTAZG/OlKltONV",null,null,null,1,0]]],0,[0,3,1,0,-1,2,0,-1,3,0,-2,4,0,0,3,0,0,4,0,4,1,6],[0,0,0,0],[-1,1,-1,1],[0,2,0,3]]]]
