[1,["12v14tfy9P2I+ZJnBTuX+Q","b84QJVtxhKVLaEeSVaFs6w@49b18","47m0MCZ9hEgaHXZfbp85R/@6c48a","a7YStUNeNCOKGpSntUY1g5","59RBTYNZBM1brohnPgkq1b","b84QJVtxhKVLaEeSVaFs6w@70e93","f8rncEkp5MMqU+jhSHcVmk","a0LrD5IrxJQrcqN+/2YAI2@9a861","cbD4QxXBFHZ4g3SU6HNgE3","a0LrD5IrxJQrcqN+/2YAI2@99b65"],["node","_mesh","mainTexture","_effectAsset","root","pushBtn","moveTargets","data"],[["cc.Node",["_name","_active","_prefab","_components","_parent","_lpos","_children","_lscale"],1,4,9,1,5,2,5],["cc.PrefabInfo",["fileId","instance","nestedPrefabInstanceRoots","targetOverrides","root","asset"],-1,1,1],["cc.Material",["_name","_states","_defines","_props"],0,12],["cc.Prefab",["_name"],2],["6b893MLqTFILICjNMZKaKEw",["trapType","node","__prefab","cldSize","moveTargets","pushBtn"],2,1,4,5,1,1],["cc.CompPrefabInfo",["fileId"],2],["cc.MeshRenderer",["node","__prefab","_materials","bakeSettings","_mesh"],3,1,4,3,4,6],["cc.ModelBakeSettings",[],3],["cc.Mesh",["_native","_hash","_struct"],1,11]],[[5,0,2],[1,0,1,3,2,4,5,5],[6,0,1,2,3,4,1],[7,1],[0,0,4,3,2,5,2],[2,0,1,2,3,4],[8,0,1,2,3],[3,0,2],[0,0,1,6,3,2,5,3],[0,0,4,6,3,2,5,2],[0,0,4,6,2,7,2],[0,0,4,3,2,5,7,2],[0,0,4,3,2,2],[4,0,1,2,3,4,5,2],[1,0,1,2,3,4,5,5]],[[[[5,"UpperAirNail-item",[{"rasterizerState":{},"depthStencilState":{},"blendState":{"targets":[{}]}},{"rasterizerState":{},"depthStencilState":{},"blendState":{"targets":[{}]}},{"rasterizerState":{},"depthStencilState":{},"blendState":{"targets":[{}]}},{"rasterizerState":{},"depthStencilState":{},"blendState":{"targets":[{}]}}],[{"USE_OUTLINE_PASS":true,"USE_INSTANCING":true,"USE_BASE_COLOR_MAP":true},{"USE_INSTANCING":true,"USE_BASE_COLOR_MAP":true,"BASE_COLOR_MAP_AS_SHADE_MAP_1":true,"BASE_COLOR_MAP_AS_SHADE_MAP_2":true},{},{}],[[[{},"baseColor",8,[4,4294967295]],[{},"mainColor",8,[4,4294967295],"specular",8,[4,1308622847],"mainTexture",6,0],{},{}],11,11,0,0]]],0,0,[0,0],[2,3],[2,3]],[[[5,"UpperAirNail-top",[{"rasterizerState":{},"depthStencilState":{},"blendState":{"targets":[{}]}},{"rasterizerState":{},"depthStencilState":{},"blendState":{"targets":[{}]}},{"rasterizerState":{},"depthStencilState":{},"blendState":{"targets":[{}]}},{"rasterizerState":{},"depthStencilState":{},"blendState":{"targets":[{}]}}],[{"USE_OUTLINE_PASS":true,"USE_INSTANCING":true,"USE_BASE_COLOR_MAP":true},{"USE_INSTANCING":true,"USE_BASE_COLOR_MAP":true,"BASE_COLOR_MAP_AS_SHADE_MAP_1":true,"BASE_COLOR_MAP_AS_SHADE_MAP_2":true},{},{}],[[[{},"baseColor",8,[4,4294967295]],[{},"mainColor",8,[4,4294967295],"specular",8,[4,1308622847],"mainTexture",6,0],{},{}],11,11,0,0]]],0,0,[0,0],[2,3],[2,3]],[[[7,"UpperAirNail"],[8,"UpperAirNail",false,[-5,-6],[[13,5,-4,[0,"7ab+8zk9pC/YhNsTuLbh4m"],[5,1.5,1.5],-3,-2]],[14,"b81C50p9JA14FWTCmWMjCN",null,null,[],-1,0],[1,-14.685,0,-5.837]],[9,"UpperAirNail",1,[-8,-9,-10,-11,-12,-13,-14,-15],[[2,-7,[0,"92nHZYDSZKvKH+dkr2c1GC"],[16],[3],17]],[1,"4eHkrB9AJBSZ6wAd01m4Mo",null,null,null,1,0],[1,0,0,-10]],[10,"trigger",1,[-16,-17],[1,"27hVXPzsROermLgohL3VnD",null,null,null,1,0],[1,1.5,2,1.5]],[11,"push_b",3,[[2,-18,[0,"e8WuqQA+hICItrau5ILEGR"],[20],[3],21]],[1,"efshZfh4lDgIXeSzH/xKuP",null,null,null,1,0],[1,0,0.2,0],[1,1,1.2,1]],[4,"1",2,[[2,-19,[0,"683NtTrWxIiJaUIGrhCAAI"],[0],[3],1]],[1,"34hyJJZLtFFYaI4j8kOEqo",null,null,null,1,0],[1,-3.782376766204834,5.94882869720459,0]],[4,"2",2,[[2,-20,[0,"8cT8gsvntBxLTEDqVGhIEt"],[2],[3],3]],[1,"a6nSJWEoFEzJBrS/GKIQEH",null,null,null,1,0],[1,-2.699,5.949,0]],[4,"3",2,[[2,-21,[0,"a6wlURPqFLrqyEl3963snf"],[4],[3],5]],[1,"14OskcNAxLLZscApJ+t1av",null,null,null,1,0],[1,-1.616,5.949,0]],[4,"4",2,[[2,-22,[0,"0f6OyvaWJPTIBLuwSpJXop"],[6],[3],7]],[1,"1clMHogJlPd5LXidTj1mPU",null,null,null,1,0],[1,-0.581,5.949,0]],[4,"5",2,[[2,-23,[0,"a4Nr7JVj9EVanGyyuYhjMk"],[8],[3],9]],[1,"bd+lZxGnVAv7LGIsqZwhG0",null,null,null,1,0],[1,0.47,5.949,0]],[4,"6",2,[[2,-24,[0,"cd8RNzvIVER6Bz9Ld4844A"],[10],[3],11]],[1,"005ByIuqFEA61b6ihzCwLT",null,null,null,1,0],[1,1.537,5.949,0]],[4,"7",2,[[2,-25,[0,"88rENEoEJGk6CAyU2OZZis"],[12],[3],13]],[1,"66S6jUt1tGgYaR1HvAKrcm",null,null,null,1,0],[1,2.62,5.949,0]],[4,"8",2,[[2,-26,[0,"a5fp5nTPxKpZUZKleVLJcB"],[14],[3],15]],[1,"2eUjSPqklKCqIXGW6FDzz0",null,null,null,1,0],[1,3.768,5.949,0]],[12,"push_a",3,[[2,-27,[0,"66rEoRSE1OobeqNMVrlDJW"],[18],[3],19]],[1,"ebWSLZa7hB36Xw2fEUt5EF",null,null,null,1,0]]],0,[0,4,1,0,5,4,0,6,2,0,0,1,0,-1,2,0,-2,3,0,0,2,0,-1,5,0,-2,6,0,-3,7,0,-4,8,0,-5,9,0,-6,10,0,-7,11,0,-8,12,0,-1,13,0,-2,4,0,0,4,0,0,5,0,0,6,0,0,7,0,0,8,0,0,9,0,0,10,0,0,11,0,0,12,0,0,13,0,7,1,27],[0,0,0,0,0,0,0,0,0,0,0,0,0,0,0,0,0,0,0,0,0,0],[-1,1,-1,1,-1,1,-1,1,-1,1,-1,1,-1,1,-1,1,-1,1,-1,1,-1,1],[0,1,0,1,0,1,0,1,0,1,0,1,0,1,0,1,4,5,6,7,8,9]],[[[6,".bin",3727512654,[{"primitives":[{"primitiveMode":7,"vertexBundelIndices":[0],"indexView":{"offset":7632,"length":912,"count":456,"stride":2}}],"vertexBundles":[{"view":{"offset":0,"length":7632,"count":159,"stride":48},"attributes":[{"name":"a_position","format":32,"isNormalized":false},{"name":"a_normal","format":32,"isNormalized":false},{"name":"a_texCoord","format":21,"isNormalized":false},{"name":"a_tangent","format":44,"isNormalized":false}]}]},"minPosition",8,[1,-0.6370846033096313,-0.02912435494363308,-0.6370846033096313],"maxPosition",8,[1,0.6370846033096313,0.13824985921382904,0.6370847225189209]]],-1],0,0,[],[],[]],[[[6,".bin",3777046531,[{"primitives":[{"primitiveMode":7,"vertexBundelIndices":[0],"indexView":{"offset":2352,"length":288,"count":144,"stride":2}}],"vertexBundles":[{"view":{"offset":0,"length":2352,"count":49,"stride":48},"attributes":[{"name":"a_position","format":32,"isNormalized":false},{"name":"a_normal","format":32,"isNormalized":false},{"name":"a_texCoord","format":21,"isNormalized":false},{"name":"a_tangent","format":44,"isNormalized":false}]}]},"minPosition",8,[1,-0.7110500931739807,-0.021406574174761772,-0.7110500931739807],"maxPosition",8,[1,0.7110500931739807,0.01412432175129652,0.7110500931739807]]],-1],0,0,[],[],[]],[[[6,".bin",4292856762,[{"primitives":[{"primitiveMode":7,"vertexBundelIndices":[0],"indexView":{"offset":5808,"length":600,"count":300,"stride":2}}],"vertexBundles":[{"view":{"offset":0,"length":5808,"count":121,"stride":48},"attributes":[{"name":"a_position","format":32,"isNormalized":false},{"name":"a_normal","format":32,"isNormalized":false},{"name":"a_texCoord","format":21,"isNormalized":false},{"name":"a_tangent","format":44,"isNormalized":false}]}]},"minPosition",8,[1,-0.4208489954471588,-1.1067487001419067,-1.164277195930481],"maxPosition",8,[1,0.4208489954471588,0.10068298131227493,1.1642773151397705]]],-1],0,0,[],[],[]],[[[6,".bin",1175835050,[{"primitives":[{"primitiveMode":7,"vertexBundelIndices":[0],"indexView":{"offset":6240,"length":552,"count":276,"stride":2}}],"vertexBundles":[{"view":{"offset":0,"length":6240,"count":130,"stride":48},"attributes":[{"name":"a_position","format":32,"isNormalized":false},{"name":"a_normal","format":32,"isNormalized":false},{"name":"a_texCoord","format":21,"isNormalized":false},{"name":"a_tangent","format":44,"isNormalized":false}]}]},"minPosition",8,[1,-5.161052227020264,-0.1410883069038391,-1.2704923152923584],"maxPosition",8,[1,5.161052227020264,6.501559257507324,1.2704929113388062]]],-1],0,0,[],[],[]],[[[5,"PushBtn-b",[{"rasterizerState":{},"depthStencilState":{},"blendState":{"targets":[{}]}},{"rasterizerState":{},"depthStencilState":{},"blendState":{"targets":[{}]}},{"rasterizerState":{},"depthStencilState":{},"blendState":{"targets":[{}]}},{"rasterizerState":{},"depthStencilState":{},"blendState":{"targets":[{}]}}],[{"USE_OUTLINE_PASS":true,"USE_INSTANCING":true},{"USE_INSTANCING":true,"USE_BASE_COLOR_MAP":true,"BASE_COLOR_MAP_AS_SHADE_MAP_1":true,"BASE_COLOR_MAP_AS_SHADE_MAP_2":true},{},{}],[[[{},"baseColor",8,[4,4294967295]],[{},"tilingOffset",8,[2,1,1,0,0.2],"mainColor",8,[4,4294967295],"specular",8,[4,16777215],"mainTexture",6,0],{},{}],11,11,0,0]]],0,0,[0,0],[2,3],[2,3]],[[[5,"PushBtn-a",[{"rasterizerState":{},"depthStencilState":{},"blendState":{"targets":[{}]}},{"rasterizerState":{},"depthStencilState":{},"blendState":{"targets":[{}]}},{"rasterizerState":{},"depthStencilState":{},"blendState":{"targets":[{}]}},{"rasterizerState":{},"depthStencilState":{},"blendState":{"targets":[{}]}}],[{"USE_OUTLINE_PASS":true,"USE_INSTANCING":true},{"USE_INSTANCING":true,"USE_BASE_COLOR_MAP":true,"BASE_COLOR_MAP_AS_SHADE_MAP_1":true,"BASE_COLOR_MAP_AS_SHADE_MAP_2":true},{},{}],[[[{},"baseColor",8,[4,4294967295]],[{},"mainColor",8,[4,4294967295],"specular",8,[4,16777215],"mainTexture",6,0],{},{}],11,11,0,0]]],0,0,[0,0],[2,3],[2,3]]]]
