[1,["5foY/MZ9dAL50Wd69tjO2Y@78e21","5foY/MZ9dAL50Wd69tjO2Y@acf08","f6SJZOjTJB/JrJeh5xTdF7"],["root","node","data","_mesh","_effectAsset"],[["cc.Node",["_name","_prefab","_children","_parent","_components"],2,4,2,1,9],["cc.Prefab",["_name"],2],["cc.PrefabInfo",["fileId","instance","targetOverrides","nestedPrefabInstanceRoots","root","asset"],-1,1,1],["cc.MeshRenderer",["node","__prefab","_materials","bakeSettings","_mesh"],3,1,4,3,4,6],["cc.CompPrefabInfo",["fileId"],2],["cc.ModelBakeSettings",[],3],["cc.Material",["_name","_states","_defines","_props"],0,12]],[[2,0,1,2,3,4,5,5],[1,0,2],[0,0,2,1,2],[0,0,3,4,1,2],[3,0,1,2,3,4,1],[4,0,2],[5,1],[6,0,1,2,3,4]],[[[[1,"Road_Turning_C"],[2,"Road_Turning_C",[-2],[0,"1fpvurGcJR3rCTfHmb2YqI",null,null,null,-1,0]],[3,"Road_Turning_C",1,[[4,-3,[5,"6d+PQ8cVpRk7YAUHoS3ue6"],[0],[6],1]],[0,"caGOQ/2rFeuJlq/fzCAlna",null,null,null,1,0]]],0,[0,0,1,0,-1,2,0,1,2,0,2,1,3],[0,0],[-1,3],[0,1]],[[[7,"13 - Default",[{"rasterizerState":{},"blendState":{"targets":[{}]},"depthStencilState":{}}],[{"DCC_APP_NAME":1}],[[[{"albedoScale":1,"specularFactor":0,"shininessExponent":1.9999998807907104,"emissiveScale":0},"mainColor",8,[4,4291480266],"specularColor",8,[4,4294177779],"emissive",8,[4,4278190080]]],11]]],0,0,[0],[4],[2]]]]
