[1,0,0,[["cc.JsonAsset",["_name","json"],1]],[[0,0,1,3]],[[0,"LevelData",{"1":{"lv":1,"railCount":4,"sceneType":"SceneCity","gridSize":{"x":2,"y":6},"gridInfo":[{"type":"Rail_S","connectKey":"02","isStatic":true,"hasTrain":true,"trainDirec":0,"trainId":1,"p":{"x":0.5,"y":0,"z":2.5}},{"type":"Rail_S","connectKey":"02","isStatic":true,"hasTrain":false,"trainDirec":0,"trainId":1,"p":{"x":0.5,"y":0,"z":-2.5}}],"barrierArr":[{"x":-0.5,"y":0,"z":-1.5},{"x":-0.5,"y":0,"z":-0.5},{"x":-0.5,"y":0,"z":0.5},{"x":-0.5,"y":0,"z":1.5},{"x":-0.5,"y":0,"z":-2.5},{"x":-0.5,"y":0,"z":2.5}],"fenceArr":[],"tunnerArr":[],"railSwitchArr":[],"endGridInfo":{"connectKey":"20","type":"Rail_S","p":{"x":0.5,"y":0,"z":-3.5}},"models":{}}}]],0,0,[],[],[]]
