[1,["120923fc5@6c48a"],["_textureSource"],["cc.SpriteFrame"],0,[[[{"name":"UI_zjm_sy_001","rect":{"x":1790,"y":951,"width":59,"height":63},"offset":{"x":0,"y":0},"originalSize":{"width":59,"height":63},"rotated":false,"capInsets":[0,0,0,0],"packable":true,"pixelsToUnit":100,"pivot":{"x":0.5,"y":0.5},"meshType":0}],[0],0,[0],[0],[0]],[[{"name":"UI_ylsz_005","rect":{"x":1082,"y":976,"width":44,"height":24},"offset":{"x":0,"y":0},"originalSize":{"width":44,"height":24},"rotated":true,"capInsets":[0,0,0,0],"packable":true,"pixelsToUnit":100,"pivot":{"x":0.5,"y":0.5},"meshType":0}],[0],0,[0],[0],[0]],[[{"name":"UI_js_zi_001","rect":{"x":651,"y":629,"width":256,"height":32},"offset":{"x":0,"y":0},"originalSize":{"width":256,"height":32},"rotated":true,"capInsets":[0,0,0,0],"packable":true,"pixelsToUnit":100,"pivot":{"x":0.5,"y":0.5},"meshType":0}],[0],0,[0],[0],[0]],[[{"name":"UI_yxjm_fhzy_di_001","rect":{"x":1354,"y":3,"width":675,"height":468},"offset":{"x":0,"y":0},"originalSize":{"width":675,"height":468},"rotated":false,"capInsets":[0,0,0,0],"packable":true,"pixelsToUnit":100,"pivot":{"x":0.5,"y":0.5},"meshType":0}],[0],0,[0],[0],[0]],[[{"name":"frame_pop","rect":{"x":651,"y":3,"width":620,"height":420},"offset":{"x":0,"y":-3},"originalSize":{"width":632,"height":426},"rotated":true,"capInsets":[0,0,0,0],"packable":true,"pixelsToUnit":100,"pivot":{"x":0.5,"y":0.5},"meshType":0}],[0],0,[0],[0],[0]],[[{"name":"UI_yxjm_ts_003","rect":{"x":576,"y":2019,"width":26,"height":20},"offset":{"x":0,"y":0},"originalSize":{"width":26,"height":20},"rotated":true,"capInsets":[0,0,0,0],"packable":true,"pixelsToUnit":100,"pivot":{"x":0.5,"y":0.5},"meshType":0}],[0],0,[0],[0],[0]],[[{"name":"UI_js_bth_004","rect":{"x":1761,"y":1625,"width":272,"height":89},"offset":{"x":0,"y":0},"originalSize":{"width":272,"height":89},"rotated":false,"capInsets":[0,0,0,0],"packable":true,"pixelsToUnit":100,"pivot":{"x":0.5,"y":0.5},"meshType":0}],[0],0,[0],[0],[0]],[[{"name":"UI_gkjl_003","rect":{"x":1664,"y":951,"width":64,"height":57},"offset":{"x":0,"y":0},"originalSize":{"width":64,"height":57},"rotated":true,"capInsets":[0,0,0,0],"packable":true,"pixelsToUnit":100,"pivot":{"x":0.5,"y":0.5},"meshType":0}],[0],0,[0],[0],[0]],[[{"name":"btn_set_open","rect":{"x":1077,"y":576,"width":157,"height":47},"offset":{"x":0,"y":0},"originalSize":{"width":157,"height":47},"rotated":false,"capInsets":[0,0,0,0],"packable":true,"pixelsToUnit":100,"pivot":{"x":0.5,"y":0.5},"meshType":0}],[0],0,[0],[0],[0]],[[{"name":"UI_tlbz_006","rect":{"x":462,"y":2019,"width":108,"height":26},"offset":{"x":0,"y":0},"originalSize":{"width":108,"height":26},"rotated":false,"capInsets":[0,0,0,0],"packable":true,"pixelsToUnit":100,"pivot":{"x":0.5,"y":0.5},"meshType":0}],[0],0,[0],[0],[0]],[[{"name":"UI_yxjm_bth_qd_001","rect":{"x":689,"y":629,"width":255,"height":94},"offset":{"x":0,"y":0},"originalSize":{"width":255,"height":94},"rotated":true,"capInsets":[0,0,0,0],"packable":true,"pixelsToUnit":100,"pivot":{"x":0.5,"y":0.5},"meshType":0}],[0],0,[0],[0],[0]],[[{"name":"UI_yxjm_bth_qd_002","rect":{"x":789,"y":629,"width":255,"height":94},"offset":{"x":0,"y":0},"originalSize":{"width":255,"height":94},"rotated":true,"capInsets":[0,0,0,0],"packable":true,"pixelsToUnit":100,"pivot":{"x":0.5,"y":0.5},"meshType":0}],[0],0,[0],[0],[0]],[[{"name":"UI_ylsz_008","rect":{"x":699,"y":2019,"width":63,"height":24},"offset":{"x":0,"y":0},"originalSize":{"width":63,"height":24},"rotated":false,"capInsets":[0,0,0,0],"packable":true,"pixelsToUnit":100,"pivot":{"x":0.5,"y":0.5},"meshType":0}],[0],0,[0],[0],[0]],[[{"name":"font_record_2","rect":{"x":602,"y":2019,"width":91,"height":25},"offset":{"x":0,"y":0},"originalSize":{"width":95,"height":29},"rotated":false,"capInsets":[0,0,0,0],"packable":true,"pixelsToUnit":100,"pivot":{"x":0.5,"y":0.5},"meshType":0}],[0],0,[0],[0],[0]],[[{"name":"UI_ts_di_001","rect":{"x":3,"y":895,"width":811,"height":509},"offset":{"x":0,"y":0},"originalSize":{"width":811,"height":509},"rotated":true,"capInsets":[0,0,0,0],"packable":true,"pixelsToUnit":100,"pivot":{"x":0.5,"y":0.5},"meshType":0}],[0],0,[0],[0],[0]],[[{"name":"UI_zi_YM_001","rect":{"x":1558,"y":951,"width":65,"height":32},"offset":{"x":0,"y":0},"originalSize":{"width":65,"height":32},"rotated":true,"capInsets":[0,0,0,0],"packable":true,"pixelsToUnit":100,"pivot":{"x":0.5,"y":0.5},"meshType":0}],[0],0,[0],[0],[0]],[[{"name":"UI_tlbz_002","rect":{"x":1727,"y":951,"width":64,"height":57},"offset":{"x":0,"y":0},"originalSize":{"width":64,"height":57},"rotated":true,"capInsets":[0,0,0,0],"packable":true,"pixelsToUnit":100,"pivot":{"x":0.5,"y":0.5},"meshType":0}],[0],0,[0],[0],[0]],[[{"name":"UI_yxjm_zi_001","rect":{"x":769,"y":2002,"width":43,"height":50},"offset":{"x":0,"y":0},"originalSize":{"width":43,"height":50},"rotated":true,"capInsets":[0,0,0,0],"packable":true,"pixelsToUnit":100,"pivot":{"x":0.5,"y":0.5},"meshType":0}],[0],0,[0],[0],[0]],[[{"name":"frame_pop_set","rect":{"x":1082,"y":1026,"width":620,"height":350},"offset":{"x":0,"y":-3},"originalSize":{"width":632,"height":356},"rotated":true,"capInsets":[0,0,0,0],"packable":true,"pixelsToUnit":100,"pivot":{"x":0.5,"y":0.5},"meshType":0}],[0],0,[0],[0],[0]],[[{"name":"UI_yxjm_di_001","rect":{"x":3,"y":1712,"width":330,"height":109},"offset":{"x":0,"y":0},"originalSize":{"width":330,"height":109},"rotated":true,"capInsets":[0,0,0,0],"packable":true,"pixelsToUnit":100,"pivot":{"x":0.5,"y":0.5},"meshType":0}],[0],0,[0],[0],[0]],[[{"name":"ic_video_3","rect":{"x":1326,"y":603,"width":15,"height":15},"offset":{"x":0,"y":0.5},"originalSize":{"width":15,"height":18},"rotated":false,"capInsets":[0,0,0,0],"packable":true,"pixelsToUnit":100,"pivot":{"x":0.5,"y":0.5},"meshType":0}],[0],0,[0],[0],[0]],[[{"name":"UI_gkjl_zi_002","rect":{"x":1271,"y":998,"width":17,"height":23},"offset":{"x":0,"y":0},"originalSize":{"width":17,"height":23},"rotated":true,"capInsets":[0,0,0,0],"packable":true,"pixelsToUnit":100,"pivot":{"x":0.5,"y":0.5},"meshType":0}],[0],0,[0],[0],[0]],[[{"name":"UI_js_sb_003","rect":{"x":1171,"y":998,"width":19,"height":39},"offset":{"x":0,"y":0},"originalSize":{"width":19,"height":39},"rotated":true,"capInsets":[0,0,0,0],"packable":true,"pixelsToUnit":100,"pivot":{"x":0.5,"y":0.5},"meshType":0}],[0],0,[0],[0],[0]],[[{"name":"font_record_1","rect":{"x":1240,"y":576,"width":47,"height":25},"offset":{"x":0,"y":0},"originalSize":{"width":51,"height":29},"rotated":true,"capInsets":[0,0,0,0],"packable":true,"pixelsToUnit":100,"pivot":{"x":0.5,"y":0.5},"meshType":0}],[0],0,[0],[0],[0]],[[{"name":"font_day_2","rect":{"x":914,"y":2002,"width":35,"height":48},"offset":{"x":-0.5,"y":1},"originalSize":{"width":54,"height":54},"rotated":true,"capInsets":[0,0,0,0],"packable":true,"pixelsToUnit":100,"pivot":{"x":0.5,"y":0.5},"meshType":0}],[0],0,[0],[0],[0]],[[{"name":"UI_yxjm_cxks_di_001","rect":{"x":1354,"y":477,"width":675,"height":468},"offset":{"x":0,"y":0},"originalSize":{"width":675,"height":468},"rotated":false,"capInsets":[0,0,0,0],"packable":true,"pixelsToUnit":100,"pivot":{"x":0.5,"y":0.5},"meshType":0}],[0],0,[0],[0],[0]],[[{"name":"ic_home_set","rect":{"x":691,"y":1939,"width":74,"height":72},"offset":{"x":0,"y":0},"originalSize":{"width":74,"height":72},"rotated":true,"capInsets":[0,0,0,0],"packable":true,"pixelsToUnit":100,"pivot":{"x":0.5,"y":0.5},"meshType":0}],[0],0,[0],[0],[0]],[[{"name":"img_home_skill_3","rect":{"x":1115,"y":629,"width":231,"height":363},"offset":{"x":0,"y":0},"originalSize":{"width":231,"height":363},"rotated":false,"capInsets":[0,0,0,0],"packable":true,"pixelsToUnit":100,"pivot":{"x":0.5,"y":0.5},"meshType":0}],[0],0,[0],[0],[0]],[[{"name":"UI_zi_jj_002","rect":{"x":2035,"y":3,"width":17,"height":7},"offset":{"x":0,"y":0},"originalSize":{"width":23,"height":13},"rotated":true,"capInsets":[0,0,0,0],"packable":true,"pixelsToUnit":100,"pivot":{"x":0.5,"y":0.5},"meshType":0}],[0],0,[0],[0],[0]],[[{"name":"frame_sign_7","rect":{"x":1082,"y":3,"width":567,"height":262},"offset":{"x":0,"y":0},"originalSize":{"width":567,"height":262},"rotated":true,"capInsets":[0,0,0,0],"packable":true,"pixelsToUnit":100,"pivot":{"x":0.5,"y":0.5},"meshType":0}],[0],0,[0],[0],[0]],[[{"name":"img_title_sign","rect":{"x":518,"y":895,"width":558,"height":759},"offset":{"x":0,"y":3},"originalSize":{"width":558,"height":765},"rotated":false,"capInsets":[0,0,0,0],"packable":true,"pixelsToUnit":100,"pivot":{"x":0.5,"y":0.5},"meshType":0}],[0],0,[0],[0],[0]],[[{"name":"ic_video_2","rect":{"x":1352,"y":951,"width":68,"height":44},"offset":{"x":0,"y":0},"originalSize":{"width":68,"height":44},"rotated":true,"capInsets":[0,0,0,0],"packable":true,"pixelsToUnit":100,"pivot":{"x":0.5,"y":0.5},"meshType":0}],[0],0,[0],[0],[0]],[[{"name":"font_m","rect":{"x":1112,"y":998,"width":24,"height":21},"offset":{"x":0,"y":-0.5},"originalSize":{"width":24,"height":22},"rotated":false,"capInsets":[0,0,0,0],"packable":true,"pixelsToUnit":100,"pivot":{"x":0.5,"y":0.5},"meshType":0}],[0],0,[0],[0],[0]],[[{"name":"UI_js_bth_001","rect":{"x":1761,"y":1720,"width":272,"height":89},"offset":{"x":0,"y":0},"originalSize":{"width":272,"height":89},"rotated":false,"capInsets":[0,0,0,0],"packable":true,"pixelsToUnit":100,"pivot":{"x":0.5,"y":0.5},"meshType":0}],[0],0,[0],[0],[0]],[[{"name":"ic_video","rect":{"x":1402,"y":951,"width":68,"height":44},"offset":{"x":0,"y":0},"originalSize":{"width":68,"height":44},"rotated":true,"capInsets":[0,0,0,0],"packable":true,"pixelsToUnit":100,"pivot":{"x":0.5,"y":0.5},"meshType":0}],[0],0,[0],[0],[0]],[[{"name":"UI_zi_jj_001","rect":{"x":1300,"y":998,"width":23,"height":13},"offset":{"x":0,"y":0},"originalSize":{"width":23,"height":13},"rotated":false,"capInsets":[0,0,0,0],"packable":true,"pixelsToUnit":100,"pivot":{"x":0.5,"y":0.5},"meshType":0}],[0],0,[0],[0],[0]],[[{"name":"frame_stop_1","rect":{"x":1354,"y":1652,"width":390,"height":401},"offset":{"x":0,"y":-1},"originalSize":{"width":394,"height":403},"rotated":true,"capInsets":[0,0,0,0],"packable":true,"pixelsToUnit":100,"pivot":{"x":0.5,"y":0.5},"meshType":0}],[0],0,[0],[0],[0]],[[{"name":"img_home_skill_1","rect":{"x":118,"y":1712,"width":228,"height":328},"offset":{"x":0,"y":0},"originalSize":{"width":228,"height":328},"rotated":false,"capInsets":[0,0,0,0],"packable":true,"pixelsToUnit":100,"pivot":{"x":0.5,"y":0.5},"meshType":0}],[0],0,[0],[0],[0]],[[{"name":"UI_zi_mh_001","rect":{"x":1082,"y":885,"width":16,"height":27},"offset":{"x":0,"y":0},"originalSize":{"width":16,"height":27},"rotated":true,"capInsets":[0,0,0,0],"packable":true,"pixelsToUnit":100,"pivot":{"x":0.5,"y":0.5},"meshType":0}],[0],0,[0],[0],[0]],[[{"name":"frame_stop_2","rect":{"x":968,"y":1660,"width":380,"height":380},"offset":{"x":0,"y":0},"originalSize":{"width":380,"height":380},"rotated":false,"capInsets":[0,0,0,0],"packable":true,"pixelsToUnit":100,"pivot":{"x":0.5,"y":0.5},"meshType":0}],[0],0,[0],[0],[0]],[[{"name":"img_home_video","rect":{"x":873,"y":2002,"width":43,"height":35},"offset":{"x":0,"y":0},"originalSize":{"width":43,"height":35},"rotated":true,"capInsets":[0,0,0,0],"packable":true,"pixelsToUnit":100,"pivot":{"x":0.5,"y":0.5},"meshType":0}],[0],0,[0],[0],[0]],[[{"name":"UI_gkjl_di_003","rect":{"x":3,"y":3,"width":642,"height":886},"offset":{"x":0,"y":0},"originalSize":{"width":642,"height":886},"rotated":false,"capInsets":[0,0,0,0],"packable":true,"pixelsToUnit":100,"pivot":{"x":0.5,"y":0.5},"meshType":0}],[0],0,[0],[0],[0]],[[{"name":"Ziggy_Default4","rect":{"x":889,"y":629,"width":220,"height":250},"offset":{"x":0,"y":0},"originalSize":{"width":220,"height":250},"rotated":false,"capInsets":[0,0,0,0],"packable":true,"pixelsToUnit":100,"pivot":{"x":0.5,"y":0.5},"meshType":0}],[0],0,[0],[0],[0]],[[{"name":"img_pop_money","rect":{"x":462,"y":1712,"width":301,"height":223},"offset":{"x":0,"y":0},"originalSize":{"width":301,"height":223},"rotated":true,"capInsets":[0,0,0,0],"packable":true,"pixelsToUnit":100,"pivot":{"x":0.5,"y":0.5},"meshType":0}],[0],0,[0],[0],[0]],[[{"name":"ic_home_money","rect":{"x":1596,"y":951,"width":62,"height":64},"offset":{"x":0,"y":0},"originalSize":{"width":62,"height":64},"rotated":false,"capInsets":[0,0,0,0],"packable":true,"pixelsToUnit":100,"pivot":{"x":0.5,"y":0.5},"meshType":0}],[0],0,[0],[0],[0]],[[{"name":"font_home_level","rect":{"x":1855,"y":951,"width":63,"height":28},"offset":{"x":0.5,"y":0},"originalSize":{"width":66,"height":32},"rotated":true,"capInsets":[0,0,0,0],"packable":true,"pixelsToUnit":100,"pivot":{"x":0.5,"y":0.5},"meshType":0}],[0],0,[0],[0],[0]],[[{"name":"UI_gkjl_di_004","rect":{"x":1889,"y":951,"width":152,"height":46},"offset":{"x":0,"y":0},"originalSize":{"width":152,"height":46},"rotated":false,"capInsets":[0,0,0,0],"packable":true,"pixelsToUnit":100,"pivot":{"x":0.5,"y":0.5},"meshType":0}],[0],0,[0],[0],[0]],[[{"name":"font_k","rect":{"x":1142,"y":998,"width":23,"height":21},"offset":{"x":0.5,"y":-0.5},"originalSize":{"width":24,"height":22},"rotated":false,"capInsets":[0,0,0,0],"packable":true,"pixelsToUnit":100,"pivot":{"x":0.5,"y":0.5},"meshType":0}],[0],0,[0],[0],[0]],[[{"name":"img_character","rect":{"x":1512,"y":951,"width":67,"height":40},"offset":{"x":0,"y":0},"originalSize":{"width":67,"height":40},"rotated":true,"capInsets":[0,0,0,0],"packable":true,"pixelsToUnit":100,"pivot":{"x":0.5,"y":0.5},"meshType":0}],[0],0,[0],[0],[0]],[[{"name":"img_home_skill_2","rect":{"x":691,"y":1712,"width":221,"height":269},"offset":{"x":0,"y":0},"originalSize":{"width":221,"height":269},"rotated":true,"capInsets":[0,0,0,0],"packable":true,"pixelsToUnit":100,"pivot":{"x":0.5,"y":0.5},"meshType":0}],[0],0,[0],[0],[0]],[[{"name":"UI_ylsz_001","rect":{"x":1452,"y":951,"width":67,"height":54},"offset":{"x":0,"y":0},"originalSize":{"width":67,"height":54},"rotated":true,"capInsets":[0,0,0,0],"packable":true,"pixelsToUnit":100,"pivot":{"x":0.5,"y":0.5},"meshType":0}],[0],0,[0],[0],[0]],[[{"name":"img_lucky_turntable","rect":{"x":1438,"y":1025,"width":594,"height":595},"offset":{"x":0,"y":0},"originalSize":{"width":594,"height":595},"rotated":true,"capInsets":[0,0,0,0],"packable":true,"pixelsToUnit":100,"pivot":{"x":0.5,"y":0.5},"meshType":0}],[0],0,[0],[0],[0]],[[{"name":"font_g","rect":{"x":1326,"y":576,"width":22,"height":21},"offset":{"x":0,"y":-0.5},"originalSize":{"width":24,"height":22},"rotated":false,"capInsets":[0,0,0,0],"packable":true,"pixelsToUnit":100,"pivot":{"x":0.5,"y":0.5},"meshType":0}],[0],0,[0],[0],[0]],[[{"name":"UI_js_bth_005","rect":{"x":352,"y":1712,"width":325,"height":104},"offset":{"x":0,"y":0},"originalSize":{"width":325,"height":104},"rotated":true,"capInsets":[0,0,0,0],"packable":true,"pixelsToUnit":100,"pivot":{"x":0.5,"y":0.5},"meshType":0}],[0],0,[0],[0],[0]],[[{"name":"img_home_money_1","rect":{"x":825,"y":2002,"width":42,"height":43},"offset":{"x":0,"y":0},"originalSize":{"width":42,"height":43},"rotated":false,"capInsets":[0,0,0,0],"packable":true,"pixelsToUnit":100,"pivot":{"x":0.5,"y":0.5},"meshType":0}],[0],0,[0],[0],[0]],[[{"name":"UI_ylsz_006","rect":{"x":1082,"y":907,"width":63,"height":24},"offset":{"x":0,"y":0},"originalSize":{"width":63,"height":24},"rotated":true,"capInsets":[0,0,0,0],"packable":true,"pixelsToUnit":100,"pivot":{"x":0.5,"y":0.5},"meshType":0}],[0],0,[0],[0],[0]],[[{"name":"UI_sp_bth_ty_001","rect":{"x":1271,"y":576,"width":49,"height":46},"offset":{"x":0,"y":0},"originalSize":{"width":49,"height":46},"rotated":false,"capInsets":[0,0,0,0],"packable":true,"pixelsToUnit":100,"pivot":{"x":0.5,"y":0.5},"meshType":0}],[0],0,[0],[0],[0]],[[{"name":"img_paly","rect":{"x":1843,"y":1815,"width":210,"height":199},"offset":{"x":0,"y":0},"originalSize":{"width":210,"height":199},"rotated":true,"capInsets":[0,0,0,0],"packable":true,"pixelsToUnit":100,"pivot":{"x":0.5,"y":0.5},"meshType":0}],[0],0,[0],[0],[0]],[[{"name":"font_day_1","rect":{"x":1216,"y":998,"width":18,"height":49},"offset":{"x":1,"y":0.5},"originalSize":{"width":54,"height":54},"rotated":true,"capInsets":[0,0,0,0],"packable":true,"pixelsToUnit":100,"pivot":{"x":0.5,"y":0.5},"meshType":0}],[0],0,[0],[0],[0]],[[{"name":"img_end_double","rect":{"x":518,"y":1660,"width":444,"height":46},"offset":{"x":0,"y":0},"originalSize":{"width":444,"height":46},"rotated":false,"capInsets":[0,0,0,0],"packable":true,"pixelsToUnit":100,"pivot":{"x":0.5,"y":0.5},"meshType":0}],[0],0,[0],[0],[0]],[[{"name":"UI_tlbz_001","rect":{"x":1761,"y":1815,"width":228,"height":76},"offset":{"x":0,"y":0},"originalSize":{"width":228,"height":76},"rotated":true,"capInsets":[0,0,0,0],"packable":true,"pixelsToUnit":100,"pivot":{"x":0.5,"y":0.5},"meshType":0}],[0],0,[0],[0],[0]],[[{"name":"UI_ylsz_004","rect":{"x":769,"y":1939,"width":193,"height":57},"offset":{"x":0,"y":0},"originalSize":{"width":193,"height":57},"rotated":false,"capInsets":[0,0,0,0],"packable":true,"pixelsToUnit":100,"pivot":{"x":0.5,"y":0.5},"meshType":0}],[0],0,[0],[0],[0]]]]
