[1,["12dd1c1d2@6c48a"],["_textureSource"],["cc.SpriteFrame"],0,[[[{"name":"btn_shop_expect","rect":{"x":300,"y":837,"width":290,"height":74},"offset":{"x":0,"y":0},"originalSize":{"width":290,"height":74},"rotated":false,"capInsets":[0,0,0,0],"packable":true,"pixelsToUnit":100,"pivot":{"x":0.5,"y":0.5},"meshType":0}],[0],0,[0],[0],[0]],[[{"name":"frame_shop1","rect":{"x":3,"y":3,"width":720,"height":828},"offset":{"x":0,"y":0},"originalSize":{"width":720,"height":828},"rotated":false,"capInsets":[0,0,0,0],"packable":true,"pixelsToUnit":100,"pivot":{"x":0.5,"y":0.5},"meshType":0}],[0],0,[0],[0],[0]],[[{"name":"ic_home_add","rect":{"x":526,"y":961,"width":36,"height":36},"offset":{"x":0,"y":0},"originalSize":{"width":36,"height":36},"rotated":false,"capInsets":[0,0,0,0],"packable":true,"pixelsToUnit":100,"pivot":{"x":0.5,"y":0.5},"meshType":0}],[0],0,[0],[0],[0]],[[{"name":"img_shop_video","rect":{"x":478,"y":963,"width":37,"height":28},"offset":{"x":0,"y":0},"originalSize":{"width":37,"height":28},"rotated":true,"capInsets":[0,0,0,0],"packable":true,"pixelsToUnit":100,"pivot":{"x":0.5,"y":0.5},"meshType":0}],[0],0,[0],[0],[0]],[[{"name":"frame_home_money","rect":{"x":300,"y":917,"width":172,"height":46},"offset":{"x":0,"y":0},"originalSize":{"width":172,"height":46},"rotated":false,"capInsets":[0,0,0,0],"packable":true,"pixelsToUnit":100,"pivot":{"x":0.5,"y":0.5},"meshType":0}],[0],0,[0],[0],[0]],[[{"name":"1","rect":{"x":915,"y":193,"width":117,"height":89},"offset":{"x":0.5,"y":-0.5},"originalSize":{"width":140,"height":140},"rotated":true,"capInsets":[0,0,0,0],"packable":true,"pixelsToUnit":100,"pivot":{"x":0.5,"y":0.5},"meshType":0}],[0],0,[0],[0],[0]],[[{"name":"5","rect":{"x":729,"y":383,"width":140,"height":112},"offset":{"x":0,"y":0},"originalSize":{"width":140,"height":140},"rotated":true,"capInsets":[0,0,0,0],"packable":true,"pixelsToUnit":100,"pivot":{"x":0.5,"y":0.5},"meshType":0}],[0],0,[0],[0],[0]],[[{"name":"4","rect":{"x":729,"y":529,"width":112,"height":125},"offset":{"x":7,"y":-1.5},"originalSize":{"width":140,"height":140},"rotated":false,"capInsets":[0,0,0,0],"packable":true,"pixelsToUnit":100,"pivot":{"x":0.5,"y":0.5},"meshType":0}],[0],0,[0],[0],[0]],[[{"name":"btn_shop_green","rect":{"x":3,"y":935,"width":152,"height":52},"offset":{"x":0,"y":0},"originalSize":{"width":156,"height":56},"rotated":false,"capInsets":[0,0,0,0],"packable":true,"pixelsToUnit":100,"pivot":{"x":0.5,"y":0.5},"meshType":0}],[0],0,[0],[0],[0]],[[{"name":"frame_shop_skill_use","rect":{"x":729,"y":3,"width":184,"height":181},"offset":{"x":0.5,"y":0},"originalSize":{"width":195,"height":191},"rotated":true,"capInsets":[0,0,0,0],"packable":true,"pixelsToUnit":100,"pivot":{"x":0.5,"y":0.5},"meshType":0}],[0],0,[0],[0],[0]],[[{"name":"0","rect":{"x":847,"y":518,"width":106,"height":121},"offset":{"x":-1,"y":-2.5},"originalSize":{"width":140,"height":140},"rotated":true,"capInsets":[0,0,0,0],"packable":true,"pixelsToUnit":100,"pivot":{"x":0.5,"y":0.5},"meshType":0}],[0],0,[0],[0],[0]],[[{"name":"btn_shop_arms","rect":{"x":3,"y":837,"width":291,"height":92},"offset":{"x":0,"y":0},"originalSize":{"width":291,"height":92},"rotated":false,"capInsets":[0,0,0,0],"packable":true,"pixelsToUnit":100,"pivot":{"x":0.5,"y":0.5},"meshType":0}],[0],0,[0],[0],[0]],[[{"name":"3","rect":{"x":729,"y":660,"width":140,"height":76},"offset":{"x":0,"y":0},"originalSize":{"width":140,"height":140},"rotated":false,"capInsets":[0,0,0,0],"packable":true,"pixelsToUnit":100,"pivot":{"x":0.5,"y":0.5},"meshType":0}],[0],0,[0],[0],[0]],[[{"name":"img_shop_money","rect":{"x":478,"y":917,"width":42,"height":40},"offset":{"x":0,"y":0},"originalSize":{"width":42,"height":40},"rotated":false,"capInsets":[0,0,0,0],"packable":true,"pixelsToUnit":100,"pivot":{"x":0.5,"y":0.5},"meshType":0}],[0],0,[0],[0],[0]],[[{"name":"btn_shop_yellow","rect":{"x":161,"y":969,"width":152,"height":52},"offset":{"x":0,"y":0},"originalSize":{"width":156,"height":56},"rotated":false,"capInsets":[0,0,0,0],"packable":true,"pixelsToUnit":100,"pivot":{"x":0.5,"y":0.5},"meshType":0}],[0],0,[0],[0],[0]],[[{"name":"frame_shop_skill_have","rect":{"x":596,"y":837,"width":185,"height":181},"offset":{"x":0,"y":0},"originalSize":{"width":195,"height":191},"rotated":false,"capInsets":[0,0,0,0],"packable":true,"pixelsToUnit":100,"pivot":{"x":0.5,"y":0.5},"meshType":0}],[0],0,[0],[0],[0]],[[{"name":"2","rect":{"x":847,"y":383,"width":129,"height":92},"offset":{"x":0.5,"y":0},"originalSize":{"width":140,"height":140},"rotated":true,"capInsets":[0,0,0,0],"packable":true,"pixelsToUnit":100,"pivot":{"x":0.5,"y":0.5},"meshType":0}],[0],0,[0],[0],[0]],[[{"name":"frame_shop_skill_mask","rect":{"x":729,"y":193,"width":184,"height":180},"offset":{"x":0,"y":0},"originalSize":{"width":184,"height":180},"rotated":true,"capInsets":[0,0,0,0],"packable":true,"pixelsToUnit":100,"pivot":{"x":0.5,"y":0.5},"meshType":0}],[0],0,[0],[0],[0]],[[{"name":"img_shop_skill_lock","rect":{"x":526,"y":917,"width":38,"height":38},"offset":{"x":0,"y":0},"originalSize":{"width":38,"height":38},"rotated":false,"capInsets":[0,0,0,0],"packable":true,"pixelsToUnit":100,"pivot":{"x":0.5,"y":0.5},"meshType":0}],[0],0,[0],[0],[0]]]]
