[1,["1fZd2Bmq5I/K21K+FhTVZQ","9dsAWrV4BFYpF4g5l+vPqR@b5f1d"],["node","root","data","_mesh"],[["cc.Prefab",["_name"],2],["cc.Node",["_name","_components","_prefab"],2,9,4],["cc.MeshRenderer",["node","__prefab","_materials","bakeSettings","_mesh"],3,1,4,3,4,6],["cc.CompPrefabInfo",["fileId"],2],["cc.ModelBakeSettings",[],3],["9071c4e2TJOWaiJaOIM4/Xm",["node","__prefab"],3,1,4],["cc.PrefabInfo",["fileId","instance","targetOverrides","nestedPrefabInstanceRoots","root","asset"],-1,1,1],["cc.Mesh",["_native","_hash","_struct"],1,11]],[[3,0,2],[0,0,2],[1,0,1,2,2],[2,0,1,2,3,4,1],[4,1],[5,0,1,1],[6,0,1,2,3,4,5,5],[7,0,1,2,3]],[[[[1,"Shotgun"],[2,"Shotgun",[[3,-2,[0,"07vkQgX2tAtY88G4gKMR6m"],[0],[4],1],[5,-3,[0,"773/ORCxtFVrJxCanEPnd2"]]],[6,"4dtIkUos1IhZf1RTAEImLt",null,null,null,-1,0]]],0,[0,1,1,0,0,1,0,0,1,0,2,1,3],[0,0],[-1,3],[0,1]],[[[7,".bin",699757143,[{"primitives":[{"primitiveMode":7,"vertexBundelIndices":[0],"indexView":{"offset":33216,"length":3318,"count":1659,"stride":2}}],"vertexBundles":[{"view":{"offset":0,"length":33216,"count":692,"stride":48},"attributes":[{"name":"a_position","format":32,"isNormalized":false},{"name":"a_normal","format":32,"isNormalized":false},{"name":"a_texCoord","format":21,"isNormalized":false},{"name":"a_tangent","format":44,"isNormalized":false}]}]},"minPosition",8,[1,-0.07873646914958954,-0.08808106184005737,-0.21536849439144135],"maxPosition",8,[1,0.07889474183320999,0.1462751030921936,0.5886623859405518]]],-1],0,0,[],[],[]]]]
