[1,["5cOes7Hq9D84nPEJj7YRsV@6c48a","f4xWNPnilPi7If3u9ZBMz7","76Am7e63BCzLUr6Iiu230a","12Y9dMgWdJKJGmTiZyQR9H@fc873"],["node","mainTexture","_effectAsset","root","data","_mesh"],[["cc.Material",["_name","_techIdx","_states","_defines","_props"],-1,12],["cc.Prefab",["_name"],2],["cc.Node",["_name","_components","_prefab"],2,9,4],["cc.MeshRenderer",["_name","node","__prefab","_materials","bakeSettings","_mesh"],2,1,4,3,4,6],["cc.CompPrefabInfo",["fileId"],2],["cc.ModelBakeSettings",[],3],["0f04eeOiJxLrIc9KEeYXv9T",["delayTime","uvStepTime","isLoop","node","__prefab","uvRange","scale"],0,1,4,5,5],["cc.PrefabInfo",["fileId","instance","targetOverrides","nestedPrefabInstanceRoots","root","asset"],-1,1,1]],[[4,0,2],[0,0,1,2,3,4,5],[1,0,2],[2,0,1,2,2],[3,0,1,2,3,4,5,2],[5,1],[6,0,1,2,3,4,5,6,4],[7,0,1,2,3,4,5,5]],[[[[1,"fireEffect","2",[{"priority":130,"rasterizerState":{},"depthStencilState":{},"blendState":{"targets":[{}]}}],[{"USE_INSTANCING":true,"USE_TEXTURE":true,"USE_BILLBOARD":true}],[[[{},"mainColor",8,[4,4287269514],"mainTexture",6,0]],11]]],0,0,[0,0],[1,2],[0,1]],[[[2,"fireEffect"],[3,"fireEffect",[[4,"Quad<ModelComponent>",-2,[0,"4bTq6kY0ZB/Y8SPWYgWg7K"],[0],[5],1],[6,2,0.01,true,-3,[0,"18OR3cuPlL65wiBtSYGsGr"],[0,7,8],[1,2,2,1]]],[7,"eaPlUbzAhPy6Qmoje7beUd",null,null,null,-1,0]]],0,[0,3,1,0,0,1,0,0,1,0,4,1,3],[0,0],[-1,5],[2,3]]]]
