[1,["47m0MCZ9hEgaHXZfbp85R/@6c48a","a7YStUNeNCOKGpSntUY1g5","04qqBgHDhKkpz7Hqv8hP4y","b0bOSudtlN0r+FN/Jd36pC@cafeb","54la22zJNDwbdb1w1Oe4Aj","b0bOSudtlN0r+FN/Jd36pC@bbac5","60eaUhrctMH7ZZ4M+Ea78d","b0bOSudtlN0r+FN/Jd36pC@51a88","fdRBtMM81ETJkCVzIzb9DV","b0bOSudtlN0r+FN/Jd36pC@efbfc"],["node","mainTexture","_effectAsset","_mesh","root","_parent","skeleNode","data"],[["cc.Node",["_name","_prefab","_parent","_components","_lpos","_lrot","_lscale","_euler","_children"],2,4,1,9,5,5,5,5,12],["cc.Node",["_name","_parent","_children","_prefab","_lrot","_lscale","_euler","_components","_lpos"],2,1,2,4,5,5,5,9,5],["cc.Material",["_name","_states","_defines","_props"],0,12],["cc.Prefab",["_name"],2],["cc.Node",["_name","_parent","_children","_components","_prefab","_lpos"],2,1,9,9,4,5],["cc.PrefabInfo",["fileId","instance","targetOverrides","nestedPrefabInstanceRoots","root","asset"],-1,1,1],["e2ac7268b5G0aMpWOnSd2bI",["node","__prefab","cldSize","skeleNode"],3,1,4,5,1],["cc.CompPrefabInfo",["fileId"],2],["cc.MeshRenderer",["node","__prefab","_materials","bakeSettings","_mesh"],3,1,4,3,4,6],["cc.ModelBakeSettings",[],3],["cc.Mesh",["_native","_hash","_struct"],1,11]],[[5,0,1,2,3,4,5,5],[7,0,2],[2,0,1,2,3,4],[8,0,1,2,3,4,1],[9,1],[10,0,1,2,3],[3,0,2],[0,0,8,3,1,4,2],[0,0,2,1,4,5,6,7,2],[0,0,2,1,4,2],[0,0,2,3,1,2],[0,0,2,3,1,5,6,7,2],[1,0,1,2,3,4,5,6,2],[1,0,1,2,7,3,8,2],[1,0,1,2,3,2],[4,0,1,2,3,4,5,2],[6,0,1,2,3,1]],[[[[2,"FortBarbette-001",[{"rasterizerState":{},"depthStencilState":{},"blendState":{"targets":[{}]}},{"rasterizerState":{},"depthStencilState":{},"blendState":{"targets":[{}]}},{"rasterizerState":{},"depthStencilState":{},"blendState":{"targets":[{}]}},{"rasterizerState":{},"depthStencilState":{},"blendState":{"targets":[{}]}}],[{"USE_INSTANCING":true,"USE_BASE_COLOR_MAP":true},{"USE_INSTANCING":true,"USE_BASE_COLOR_MAP":true,"BASE_COLOR_MAP_AS_SHADE_MAP_1":true,"BASE_COLOR_MAP_AS_SHADE_MAP_2":true},{},{}],[[[{},"baseColor",8,[4,4294967295]],[{},"mainColor",8,[4,4294967295],"specular",8,[4,1308622847],"mainTexture",6,0],{},{}],11,11,0,0]]],0,0,[0,0],[1,2],[0,1]],[[[2,"FortBarbette-003",[{"rasterizerState":{},"depthStencilState":{},"blendState":{"targets":[{}]}},{"rasterizerState":{},"depthStencilState":{},"blendState":{"targets":[{}]}},{"rasterizerState":{},"depthStencilState":{},"blendState":{"targets":[{}]}},{"rasterizerState":{},"depthStencilState":{},"blendState":{"targets":[{}]}}],[{"USE_INSTANCING":true,"USE_BASE_COLOR_MAP":true},{"USE_INSTANCING":true,"USE_BASE_COLOR_MAP":true,"BASE_COLOR_MAP_AS_SHADE_MAP_1":true,"BASE_COLOR_MAP_AS_SHADE_MAP_2":true},{},{}],[[[{},"baseColor",8,[4,4294967295]],[{},"mainColor",8,[4,4294967295],"specular",8,[4,1308622847],"mainTexture",6,0],{},{}],11,11,0,0]]],0,0,[0,0],[1,2],[0,1]],[[[2,"FortBarbette-002",[{"rasterizerState":{},"depthStencilState":{},"blendState":{"targets":[{}]}},{"rasterizerState":{},"depthStencilState":{},"blendState":{"targets":[{}]}},{"rasterizerState":{},"depthStencilState":{},"blendState":{"targets":[{}]}},{"rasterizerState":{},"depthStencilState":{},"blendState":{"targets":[{}]}}],[{"USE_INSTANCING":true,"USE_BASE_COLOR_MAP":true},{"USE_INSTANCING":true,"USE_BASE_COLOR_MAP":true,"BASE_COLOR_MAP_AS_SHADE_MAP_1":true,"BASE_COLOR_MAP_AS_SHADE_MAP_2":true},{},{}],[[[{},"baseColor",8,[4,4294967295]],[{},"mainColor",8,[4,4294967295],"specular",8,[4,1308622847],"mainTexture",6,0],{},{}],11,11,0,0]]],0,0,[0,0],[1,2],[0,1]],[[[6,"FortBarbette"],[7,"FortBarbette",[[-4,-5,[8,"shotPos",-7,[0,"36FQvG8EhDcJ26UEh2cp4Q",null,null,null,-6,0],[1,0,1,0],[3,0,1,0,6.123233995736766e-17],[1,2,2,2],[1,0,180,0]]],1,1,4],[[16,-3,[1,"4eGOEgbGRMqqTODeI/fiUA"],[5,1.5,1.5],-2]],[0,"c2Qa2m9SlA7KETybKJlMB3",null,null,null,-1,0],[1,-14.636,0.345,0.229]],[12,"body",1,[-8,-9],[0,"78b9CFtk9JOqTe5O7/O3ou",null,null,null,1,0],[3,0,1,0,6.123233995736766e-17],[1,2,2,2],[1,0,180,0]],[13,"head",2,[-11],[[3,-10,[1,"33+oJwDgNAio/KIEF2r/FH"],[4],[4],5]],[0,"10OvNFyyRHI6rcHKgOmX4z",null,null,null,1,0],[1,0,0.422,0]],[15,"BlastHoleBit",3,[[9,"SpecialEffects",-13,[0,"78vmbZGA5Gu4vMO8RUaP8/",null,null,null,1,0],[1,0.0008439001976512372,0.0018558884039521217,0.3787953555583954]]],[[3,-12,[1,"12C9oBG6lOl6dDJs0WnLFG"],[2],[4],3]],[0,"25nsdHOdhAbqckqYKLc6IL",null,null,null,1,0],[1,1.8119811784345075e-7,0.07569500058889389,0.24601779878139496]],[14,"btm",2,[-14],[0,"54A526uHRB57FgWmqcnA56",null,null,null,1,0]],[10,"Foundation",5,[[3,-15,[1,"17j6J0FL1PlLWcG+o1Irdp"],[0],[4],1]],[0,"2a5KfPfLpAMZSim5h3qQJK",null,null,null,1,0]],[11,"AutoDoor",1,[[3,-16,[1,"35p21spoxGors6HHuCFxJt"],[6],[4],7]],[0,"13pK2SbjlOvYaLd/xzN3E/",null,null,null,1,0],[3,0,1,0,6.123233995736766e-17],[1,2,2,2],[1,0,180,0]]],0,[0,4,1,0,6,2,0,0,1,0,-1,2,0,-2,7,0,4,1,0,5,1,0,-1,5,0,-2,3,0,0,3,0,-1,4,0,0,4,0,5,4,0,-1,6,0,0,6,0,0,7,0,7,1,16],[0,0,0,0,0,0,0,0],[-1,3,-1,3,-1,3,-1,3],[2,3,4,5,6,7,8,9]],[[[5,".bin",3560175280,[{"primitives":[{"primitiveMode":7,"vertexBundelIndices":[0],"indexView":{"offset":45168,"length":4020,"count":2010,"stride":2}}],"vertexBundles":[{"view":{"offset":0,"length":45168,"count":941,"stride":48},"attributes":[{"name":"a_position","format":32,"isNormalized":false},{"name":"a_normal","format":32,"isNormalized":false},{"name":"a_texCoord","format":21,"isNormalized":false},{"name":"a_tangent","format":44,"isNormalized":false}]}]},"minPosition",8,[1,-0.2942323386669159,-0.17693819105625153,-0.22970393300056458],"maxPosition",8,[1,0.2942323386669159,0.31301528215408325,0.3874877989292145]]],-1],0,0,[],[],[]],[[[5,".bin",3163058489,[{"primitives":[{"primitiveMode":7,"vertexBundelIndices":[0],"indexView":{"offset":8784,"length":1020,"count":510,"stride":2}}],"vertexBundles":[{"view":{"offset":0,"length":8784,"count":183,"stride":48},"attributes":[{"name":"a_position","format":32,"isNormalized":false},{"name":"a_normal","format":32,"isNormalized":false},{"name":"a_texCoord","format":21,"isNormalized":false},{"name":"a_tangent","format":44,"isNormalized":false}]}]},"minPosition",8,[1,-0.07670269161462784,-0.08064987510442734,0.022171154618263245],"maxPosition",8,[1,0.07670269161462784,0.08065006136894226,0.44706422090530396]]],-1],0,0,[],[],[]],[[[5,".bin",1616192162,[{"primitives":[{"primitiveMode":7,"vertexBundelIndices":[0],"indexView":{"offset":19680,"length":1536,"count":768,"stride":2}}],"vertexBundles":[{"view":{"offset":0,"length":19680,"count":410,"stride":48},"attributes":[{"name":"a_position","format":32,"isNormalized":false},{"name":"a_normal","format":32,"isNormalized":false},{"name":"a_texCoord","format":21,"isNormalized":false},{"name":"a_tangent","format":44,"isNormalized":false}]}]},"minPosition",8,[1,-0.35982832312583923,-0.003355169203132391,-0.35729750990867615],"maxPosition",8,[1,0.3598283529281616,0.4028635621070862,0.35729750990867615]]],-1],0,0,[],[],[]],[[[5,".bin",526504014,[{"primitives":[{"primitiveMode":7,"vertexBundelIndices":[0],"indexView":{"offset":23520,"length":1956,"count":978,"stride":2}}],"vertexBundles":[{"view":{"offset":0,"length":23520,"count":490,"stride":48},"attributes":[{"name":"a_position","format":32,"isNormalized":false},{"name":"a_normal","format":32,"isNormalized":false},{"name":"a_texCoord","format":21,"isNormalized":false},{"name":"a_tangent","format":44,"isNormalized":false}]}]},"minPosition",8,[1,-0.5440884232521057,-0.011758340522646904,-0.5440884232521057],"maxPosition",8,[1,0.5440884232521057,0.05371285602450371,0.5440884232521057]]],-1],0,0,[],[],[]],[[[2,"FortBarbette",[{"rasterizerState":{},"depthStencilState":{},"blendState":{"targets":[{}]}},{"rasterizerState":{},"depthStencilState":{},"blendState":{"targets":[{}]}},{"rasterizerState":{},"depthStencilState":{},"blendState":{"targets":[{}]}},{"rasterizerState":{},"depthStencilState":{},"blendState":{"targets":[{}]}}],[{"USE_INSTANCING":true,"USE_BASE_COLOR_MAP":true},{"USE_INSTANCING":true,"USE_BASE_COLOR_MAP":true,"BASE_COLOR_MAP_AS_SHADE_MAP_1":true,"BASE_COLOR_MAP_AS_SHADE_MAP_2":true},{},{}],[[[{},"baseColor",8,[4,4294967295]],[{},"mainColor",8,[4,4294967295],"specular",8,[4,1308622847],"mainTexture",6,0],{},{}],11,11,0,0]]],0,0,[0,0],[1,2],[0,1]]]]
