[1,["11naWO5HBKjY1Cq0n6YqFV@6c48a","a7YStUNeNCOKGpSntUY1g5","3bidtcn1BPz5QCd4+LmC8c","3eeTB+xJRE3JRQUVNMR498@57d3d"],["node","mainTexture","_effectAsset","root","data","_mesh"],[["cc.Material",["_name","_states","_defines","_props"],0,12],["cc.Prefab",["_name"],2],["cc.Node",["_name","_components","_prefab","_lpos"],2,9,4,5],["cc.MeshRenderer",["_shadowCastingMode","node","__prefab","_materials","bakeSettings","_mesh"],2,1,4,3,4,6],["cc.CompPrefabInfo",["fileId"],2],["cc.ModelBakeSettings",[],3],["03c2fqLmAJNO4i0knLkP03d",["node","__prefab"],3,1,4],["cc.PrefabInfo",["fileId","instance","targetOverrides","nestedPrefabInstanceRoots","root","asset"],-1,1,1]],[[4,0,2],[0,0,1,2,3,4],[1,0,2],[2,0,1,2,3,2],[3,0,1,2,3,4,5,2],[5,1],[6,0,1,1],[7,0,1,2,3,4,5,5]],[[[[1,"Decorate_Turning",[{"rasterizerState":{},"depthStencilState":{},"blendState":{"targets":[{}]}},{"rasterizerState":{},"depthStencilState":{},"blendState":{"targets":[{}]}},{"rasterizerState":{},"depthStencilState":{},"blendState":{"targets":[{}]}},{"rasterizerState":{},"depthStencilState":{},"blendState":{"targets":[{}]}}],[{"USE_INSTANCING":true},{"USE_INSTANCING":true,"USE_BASE_COLOR_MAP":true,"BASE_COLOR_MAP_AS_SHADE_MAP_1":true,"BASE_COLOR_MAP_AS_SHADE_MAP_2":true},{},{}],[[{},[{},"mainColor",8,[4,4294967295],"mainTexture",6,0],{},{}],0,11,0,0]]],0,0,[0,0],[1,2],[0,1]],[[[2,"Decorate_Turning"],[3,"Decorate_Turning",[[4,1,-2,[0,"889V2q2chN2at0poDfE1j4"],[0],[5],1],[6,-3,[0,"7cangIcKpBpIohFGrulx+f"]]],[7,"06fK+Ws7FEPoXlT2ulziT/",null,null,null,-1,0],[1,-20.513,0,-13.086]]],0,[0,3,1,0,0,1,0,0,1,0,4,1,3],[0,0],[-1,5],[2,3]]]]
