[1,["b5snqx50BDmLQHhI/CssiX@6c48a","c7aIDdd5NBvJvxh5FEpXjA","12Y9dMgWdJKJGmTiZyQR9H@fc873","46UPsBIfdJq6rmubKUCuu2"],["node","mainTexture","_effectAsset","root","data","mergeMesh"],[["cc.Material",["_name","_techIdx","_states","_defines","_props"],-1,12],["cc.Prefab",["_name"],2],["cc.Node",["_name","_components","_prefab"],2,9,4],["fe0edmsAa5PqYoyarJQ69q6",["mergeType","groupNum","animTime","initScale","scaleFloat","scaleSpd","opacitySpd","node","__prefab","lineSpd","lineFloat","lineDamping","mergeMesh"],-4,1,4,5,5,5,6],["cc.CompPrefabInfo",["fileId"],2],["cc.MeshRenderer",["_name","node","__prefab","_materials","bakeSettings"],2,1,4,3,4],["cc.ModelBakeSettings",[],3],["cc.PrefabInfo",["fileId","instance","targetOverrides","nestedPrefabInstanceRoots","root","asset"],-1,1,1]],[[4,0,2],[0,0,1,2,3,4,5],[1,0,2],[2,0,1,2,2],[3,0,1,2,3,4,5,6,7,8,9,10,11,12,8],[5,0,1,2,3,4,2],[6,1],[7,0,1,2,3,4,5,5]],[[[[1,"merge-RocketSmook","2",[{"rasterizerState":{},"depthStencilState":{},"blendState":{"targets":[{}]}}],[{"USE_TEXTURE":true,"USE_BILLBOARD":true,"USE_MIX_ALPHA":true,"USE_MIX_COLOR":true}],[[[{},"midColor",8,[4,4278237439],"endColor",8,[4,4278197319],"mixParam",8,[2,1,1.2,0.2,1],"mainTexture",6,0]],11]]],0,0,[0,0],[1,2],[0,1]],[[[2,"mergeRocketSmook"],[3,"mergeRocketSmook",[[4,1,2,0.6,0.5,0.3,5,-2,-2,[0,"6cnYka2EhPF4NEYCtOT0H3"],[1,0,2,0],[1,4,0,4],[1,0,-2,0],0],[5,"Cube<ModelComponent>",-3,[0,"abESbOpcJBY4WgQxcX6f6S"],[1],[6]]],[7,"09raZeF51Bo5J5V8hHAAlL",null,null,null,-1,0]]],0,[0,3,1,0,0,1,0,0,1,0,4,1,3],[0,0],[5,-1],[2,3]]]]
