[1,["6eRpj98m1MyZ/CUkR6AEPY@78e21","f6SJZOjTJB/JrJeh5xTdF7","6eRpj98m1MyZ/CUkR6AEPY@21a22","6eRpj98m1MyZ/CUkR6AEPY@780b8"],["node","_mesh","_effectAsset","root","data"],[["cc.Node",["_name","_prefab","_children","_parent","_components"],2,4,2,1,9],["cc.Material",["_name","_states","_defines","_props"],0,12],["cc.Prefab",["_name"],2],["cc.PrefabInfo",["fileId","instance","targetOverrides","nestedPrefabInstanceRoots","root","asset"],-1,1,1],["cc.MeshRenderer",["node","__prefab","_materials","bakeSettings","_mesh"],3,1,4,3,4,6],["cc.CompPrefabInfo",["fileId"],2],["cc.ModelBakeSettings",[],3]],[[3,0,1,2,3,4,5,5],[0,0,3,4,1,2],[4,0,1,2,3,4,1],[5,0,2],[6,1],[1,0,1,2,3,4],[2,0,2],[0,0,2,1,2]],[[[[5,"13 - Default",[{"rasterizerState":{},"blendState":{"targets":[{}]},"depthStencilState":{}}],[{"DCC_APP_NAME":1}],[[[{"albedoScale":1,"specularFactor":0,"shininessExponent":1.9999998807907104,"emissiveScale":0},"mainColor",8,[4,4291480266],"specularColor",8,[4,4294177779],"emissive",8,[4,4278190080]]],11]]],0,0,[0],[2],[1]],[[[6,"Panels_Blue"],[7,"Panels_Blue",[-2,-3],[0,"7buQD43hVRQ4b7J7SFBVkr",null,null,null,-1,0]],[1,"Panels_Blue",1,[[2,-4,[3,"2bKR7GQ0NWtpQ81raJUluT"],[0],[4],1]],[0,"31It5V8wZX4IOZovc2v18u",null,null,null,1,0]],[1,"Panels_Blue_1",1,[[2,-5,[3,"61HtHbn1NTY5Cc/+ote/jC"],[2],[4],3]],[0,"b7vDLYmxNcZ5OnRdg/t106",null,null,null,1,0]]],0,[0,3,1,0,-1,2,0,-2,3,0,0,2,0,0,3,0,4,1,5],[0,0,0,0],[-1,1,-1,1],[0,2,0,3]]]]
