[1,["11b75c8f2@6c48a"],["_textureSource"],["cc.SpriteFrame"],0,[[[{"name":"jz_mine_boom02_00014","rect":{"x":2,"y":2,"width":300,"height":350},"offset":{"x":0,"y":0},"originalSize":{"width":300,"height":350},"rotated":true,"capInsets":[0,0,0,0],"packable":true,"pixelsToUnit":100,"pivot":{"x":0.5,"y":0.5},"meshType":0}],[0],0,[0],[0],[0]],[[{"name":"jz_mine_boom02_00013","rect":{"x":356,"y":2,"width":300,"height":350},"offset":{"x":0,"y":0},"originalSize":{"width":300,"height":350},"rotated":true,"capInsets":[0,0,0,0],"packable":true,"pixelsToUnit":100,"pivot":{"x":0.5,"y":0.5},"meshType":0}],[0],0,[0],[0],[0]],[[{"name":"jz_mine_boom02_00009","rect":{"x":710,"y":2,"width":300,"height":350},"offset":{"x":0,"y":0},"originalSize":{"width":300,"height":350},"rotated":true,"capInsets":[0,0,0,0],"packable":true,"pixelsToUnit":100,"pivot":{"x":0.5,"y":0.5},"meshType":0}],[0],0,[0],[0],[0]],[[{"name":"jz_mine_boom02_00017","rect":{"x":1064,"y":2,"width":300,"height":350},"offset":{"x":0,"y":0},"originalSize":{"width":300,"height":350},"rotated":true,"capInsets":[0,0,0,0],"packable":true,"pixelsToUnit":100,"pivot":{"x":0.5,"y":0.5},"meshType":0}],[0],0,[0],[0],[0]],[[{"name":"jz_mine_boom02_00005","rect":{"x":2,"y":306,"width":300,"height":350},"offset":{"x":0,"y":0},"originalSize":{"width":300,"height":350},"rotated":true,"capInsets":[0,0,0,0],"packable":true,"pixelsToUnit":100,"pivot":{"x":0.5,"y":0.5},"meshType":0}],[0],0,[0],[0],[0]],[[{"name":"jz_mine_boom02_00016","rect":{"x":356,"y":306,"width":300,"height":350},"offset":{"x":0,"y":0},"originalSize":{"width":300,"height":350},"rotated":true,"capInsets":[0,0,0,0],"packable":true,"pixelsToUnit":100,"pivot":{"x":0.5,"y":0.5},"meshType":0}],[0],0,[0],[0],[0]],[[{"name":"jz_mine_boom02_00012","rect":{"x":710,"y":306,"width":300,"height":350},"offset":{"x":0,"y":0},"originalSize":{"width":300,"height":350},"rotated":true,"capInsets":[0,0,0,0],"packable":true,"pixelsToUnit":100,"pivot":{"x":0.5,"y":0.5},"meshType":0}],[0],0,[0],[0],[0]],[[{"name":"jz_mine_boom02_00002","rect":{"x":1064,"y":306,"width":300,"height":350},"offset":{"x":0,"y":0},"originalSize":{"width":300,"height":350},"rotated":true,"capInsets":[0,0,0,0],"packable":true,"pixelsToUnit":100,"pivot":{"x":0.5,"y":0.5},"meshType":0}],[0],0,[0],[0],[0]],[[{"name":"jz_mine_boom02_00003","rect":{"x":2,"y":610,"width":300,"height":350},"offset":{"x":0,"y":0},"originalSize":{"width":300,"height":350},"rotated":true,"capInsets":[0,0,0,0],"packable":true,"pixelsToUnit":100,"pivot":{"x":0.5,"y":0.5},"meshType":0}],[0],0,[0],[0],[0]],[[{"name":"jz_mine_boom02_00006","rect":{"x":356,"y":610,"width":300,"height":350},"offset":{"x":0,"y":0},"originalSize":{"width":300,"height":350},"rotated":true,"capInsets":[0,0,0,0],"packable":true,"pixelsToUnit":100,"pivot":{"x":0.5,"y":0.5},"meshType":0}],[0],0,[0],[0],[0]],[[{"name":"jz_mine_boom02_00000","rect":{"x":710,"y":610,"width":300,"height":350},"offset":{"x":0,"y":0},"originalSize":{"width":300,"height":350},"rotated":true,"capInsets":[0,0,0,0],"packable":true,"pixelsToUnit":100,"pivot":{"x":0.5,"y":0.5},"meshType":0}],[0],0,[0],[0],[0]],[[{"name":"jz_mine_boom02_00004","rect":{"x":1064,"y":610,"width":300,"height":350},"offset":{"x":0,"y":0},"originalSize":{"width":300,"height":350},"rotated":true,"capInsets":[0,0,0,0],"packable":true,"pixelsToUnit":100,"pivot":{"x":0.5,"y":0.5},"meshType":0}],[0],0,[0],[0],[0]],[[{"name":"jz_mine_boom02_00011","rect":{"x":2,"y":914,"width":300,"height":350},"offset":{"x":0,"y":0},"originalSize":{"width":300,"height":350},"rotated":true,"capInsets":[0,0,0,0],"packable":true,"pixelsToUnit":100,"pivot":{"x":0.5,"y":0.5},"meshType":0}],[0],0,[0],[0],[0]],[[{"name":"jz_mine_boom02_00007","rect":{"x":356,"y":914,"width":300,"height":350},"offset":{"x":0,"y":0},"originalSize":{"width":300,"height":350},"rotated":true,"capInsets":[0,0,0,0],"packable":true,"pixelsToUnit":100,"pivot":{"x":0.5,"y":0.5},"meshType":0}],[0],0,[0],[0],[0]],[[{"name":"jz_mine_boom02_00018","rect":{"x":710,"y":914,"width":300,"height":350},"offset":{"x":0,"y":0},"originalSize":{"width":300,"height":350},"rotated":true,"capInsets":[0,0,0,0],"packable":true,"pixelsToUnit":100,"pivot":{"x":0.5,"y":0.5},"meshType":0}],[0],0,[0],[0],[0]],[[{"name":"jz_mine_boom02_00015","rect":{"x":1064,"y":914,"width":300,"height":350},"offset":{"x":0,"y":0},"originalSize":{"width":300,"height":350},"rotated":true,"capInsets":[0,0,0,0],"packable":true,"pixelsToUnit":100,"pivot":{"x":0.5,"y":0.5},"meshType":0}],[0],0,[0],[0],[0]],[[{"name":"jz_mine_boom02_00010","rect":{"x":2,"y":1218,"width":300,"height":350},"offset":{"x":0,"y":0},"originalSize":{"width":300,"height":350},"rotated":true,"capInsets":[0,0,0,0],"packable":true,"pixelsToUnit":100,"pivot":{"x":0.5,"y":0.5},"meshType":0}],[0],0,[0],[0],[0]],[[{"name":"jz_mine_boom02_00008","rect":{"x":356,"y":1218,"width":300,"height":350},"offset":{"x":0,"y":0},"originalSize":{"width":300,"height":350},"rotated":true,"capInsets":[0,0,0,0],"packable":true,"pixelsToUnit":100,"pivot":{"x":0.5,"y":0.5},"meshType":0}],[0],0,[0],[0],[0]],[[{"name":"jz_mine_boom02_00001","rect":{"x":710,"y":1218,"width":300,"height":350},"offset":{"x":0,"y":0},"originalSize":{"width":300,"height":350},"rotated":true,"capInsets":[0,0,0,0],"packable":true,"pixelsToUnit":100,"pivot":{"x":0.5,"y":0.5},"meshType":0}],[0],0,[0],[0],[0]]]]
