[1,["80PhkPz6tM0I24bZExucar@f9941","80PhkPz6tM0I24bZExucar@6c48a"],["spriteFrame","_textureSource"],["cc.SpriteFrame",["cc.LabelAtlas",["_name","fontSize","fntConfig"],0]],[[1,0,1,2,4]],[[[[0,"font_level_lnumber",19.36,{"commonHeight":22,"fontSize":19,"atlasName":"font_level_lnumber","fontDefDictionary":{"48":{"xOffset":0,"yOffset":0,"xAdvance":22,"rect":{"x":0,"y":0,"width":22,"height":22}},"49":{"xOffset":0,"yOffset":0,"xAdvance":22,"rect":{"x":22,"y":0,"width":22,"height":22}},"50":{"xOffset":0,"yOffset":0,"xAdvance":22,"rect":{"x":44,"y":0,"width":22,"height":22}},"51":{"xOffset":0,"yOffset":0,"xAdvance":22,"rect":{"x":66,"y":0,"width":22,"height":22}},"52":{"xOffset":0,"yOffset":0,"xAdvance":22,"rect":{"x":88,"y":0,"width":22,"height":22}},"53":{"xOffset":0,"yOffset":0,"xAdvance":22,"rect":{"x":110,"y":0,"width":22,"height":22}},"54":{"xOffset":0,"yOffset":0,"xAdvance":22,"rect":{"x":132,"y":0,"width":22,"height":22}},"55":{"xOffset":0,"yOffset":0,"xAdvance":22,"rect":{"x":154,"y":0,"width":22,"height":22}},"56":{"xOffset":0,"yOffset":0,"xAdvance":22,"rect":{"x":176,"y":0,"width":22,"height":22}},"57":{"xOffset":0,"yOffset":0,"xAdvance":22,"rect":{"x":198,"y":0,"width":22,"height":22}}},"kerningDict":{}}]],0,0,[0],[0],[0]],[[{"name":"font_level_lnumber","rect":{"x":2,"y":3,"width":215,"height":18},"offset":{"x":-0.5,"y":-1},"originalSize":{"width":220,"height":22},"rotated":false,"capInsets":[0,0,0,0],"vertices":{"rawPosition":[-107.5,-9,0,107.5,-9,0,-107.5,9,0,107.5,9,0],"indexes":[0,1,2,2,1,3],"uv":[2,19,217,19,2,1,217,1],"nuv":[0.00909090909090909,0.045454545454545456,0.9863636363636363,0.045454545454545456,0.00909090909090909,0.8636363636363636,0.9863636363636363,0.8636363636363636],"minPos":{"x":-107.5,"y":-9,"z":0},"maxPos":{"x":107.5,"y":9,"z":0}},"packable":true,"pixelsToUnit":100,"pivot":{"x":0.5,"y":0.5},"meshType":0}],[0],0,[0],[1],[1]]]]
