[1,["fd5udUJDZM9qz12zbODuc3@f9941","7dj5uJT9FMn6OrOOx83tfK@f9941","b7MFJ8MjNBwqr3fNq1j5dJ@6c48a","dcTvYUiVdAIKrPsmQQ/JzW@6c48a","ffuIqPr2JI9I8dPLYGRDpD@f9941","b7MFJ8MjNBwqr3fNq1j5dJ@f9941","dcTvYUiVdAIKrPsmQQ/JzW@f9941","afxHkx8GZGsJC+n+YfITQo@f9941","fd5udUJDZM9qz12zbODuc3@6c48a"],["node","_spriteFrame","_textureSource","_parent","_normalSprite","root","btnLayer","closeBtn","data","_scrollView"],[["cc.Node",["_name","_layer","_components","_prefab","_children","_parent","_lpos"],1,9,4,2,1,5],["cc.Sprite",["_sizeMode","_type","_useGrayscale","node","__prefab","_spriteFrame","_color"],0,1,4,6,5],["cc.Widget",["_alignFlags","_originalHeight","_originalWidth","_alignMode","_top","node","__prefab"],-2,1,4],"cc.SpriteFrame",["cc.Node",["_name","_layer","_components","_prefab","_lpos","_children","_parent"],1,12,4,5,2,1],["cc.UITransform",["node","__prefab","_contentSize","_anchorPoint"],3,1,4,5,5],["cc.Label",["_string","_actualFontSize","_fontSize","_isBold","_horizontalAlign","_overflow","node","__prefab","_color"],-3,1,4,5],["cc.Button",["_transition","node","__prefab","clickEvents","_normalSprite"],2,1,4,9,6],["cc.Prefab",["_name"],2],["cc.CompPrefabInfo",["fileId"],2],["cc.BlockInputEvents",["node","__prefab"],3,1,4],["6d4bal0OfNAaZPJgnXYYiRv",["node","__prefab","closeBtn","btnLayer"],3,1,4,1,1],["cc.PrefabInfo",["fileId","instance","targetOverrides","nestedPrefabInstanceRoots","root","asset"],-1,1,1],["cc.Layout",["_resizeMode","_layoutType","_paddingTop","_paddingBottom","node","__prefab"],-1,1,4],["cc.Mask",["node","__prefab"],3,1,4],["cc.Graphics",["node","__prefab","_fillColor"],3,1,4,5],["294f6Gp3tZL54Z4UhFK7L8G",["animTime","isOpacityAnim","node","__prefab"],1,1,4],["cc.ClickEvent",["_componentId","handler","target"],1,1],["cc.ScrollBar",["_direction","node","__prefab","_handle"],2,1,4,1],["cc.ScrollView",["bounceDuration","brake","horizontal","node","__prefab","_content","_verticalScrollBar"],0,1,4,1,1]],[[9,0,2],[12,0,1,2,3,4,5,5],[5,0,1,2,1],[0,0,1,5,4,2,3,6,3],[0,0,1,5,2,3,3],[5,0,1,2,3,1],[2,0,2,1,5,6,4],[0,0,1,5,4,2,3,3],[17,0,1,2,3],[0,0,1,5,2,3,6,3],[1,1,0,3,4,5,3],[1,0,3,4,5,2],[7,0,1,2,3,4,2],[6,0,1,2,6,7,8,4],[8,0,2],[0,0,1,4,2,3,3],[0,0,1,4,2,3,6,3],[4,0,1,5,2,3,4,3],[4,0,1,6,5,2,3,4,3],[4,0,1,6,2,3,4,3],[5,0,1,1],[2,0,1,3,5,6,4],[2,0,5,6,2],[2,0,4,5,6,3],[10,0,1,1],[11,0,1,2,3,1],[1,1,0,3,4,6,5,3],[1,0,2,3,4,5,3],[1,0,3,4,6,5,2],[1,1,0,3,4,3],[13,0,1,2,3,4,5,5],[14,0,1,1],[15,0,1,2,1],[16,0,1,2,3,3],[7,1,2,3,1],[6,0,1,3,6,7,8,4],[6,0,4,1,2,5,6,7,8,6],[18,0,1,2,3,2],[19,0,1,2,3,4,5,6,4]],[[[{"name":"default_panel","rect":{"x":0,"y":0,"width":20,"height":20},"offset":{"x":0,"y":0},"originalSize":{"width":20,"height":20},"rotated":false,"capInsets":[8,8,8,8],"vertices":{"rawPosition":[-10,-10,0,10,-10,0,-10,10,0,10,10,0],"indexes":[0,1,2,2,1,3],"uv":[0,20,20,20,0,0,20,0],"nuv":[0,0,1,0,0,1,1,1],"minPos":{"x":-10,"y":-10,"z":0},"maxPos":{"x":10,"y":10,"z":0}},"packable":true,"pixelsToUnit":100,"pivot":{"x":0.5,"y":0.5},"meshType":0}],[3],0,[0],[2],[2]],[[{"name":"btn02","rect":{"x":0,"y":0,"width":24,"height":24},"offset":{"x":0,"y":0},"originalSize":{"width":24,"height":24},"rotated":false,"capInsets":[0,0,0,0],"vertices":{"rawPosition":[-12,-12,0,12,-12,0,-12,12,0,12,12,0],"indexes":[0,1,2,2,1,3],"uv":[0,24,24,24,0,0,24,0],"nuv":[0,0,1,0,0,1,1,1],"minPos":{"x":-12,"y":-12,"z":0},"maxPos":{"x":12,"y":12,"z":0}},"packable":true,"pixelsToUnit":100,"pivot":{"x":0.5,"y":0.5},"meshType":0}],[3],0,[0],[2],[3]],[[[14,"PrivacyUI"],[15,"PrivacyUI",33554432,[-8,-9,-10,-11],[[2,-2,[0,"40QVANitpBYLaciKAeH7Py"],[5,720,1280]],[6,45,100,100,-3,[0,"bflV0ojgZKBYhrLDHJ/Jpd"]],[24,-4,[0,"73qD7msPlOp5ea9Q03B83w"]],[25,-7,[0,"cbc/ONxd1Df4b0sAbYplOf"],-6,-5]],[1,"02Xgb1xglIbaJx928vG4eH",null,null,null,-1,0]],[17,"ScrollView",33554432,[-15,-16],[[[2,-12,[0,"c2MKJar3FHKqBQXFfe1jum"],[5,550,400]],[10,1,0,-13,[0,"25ospBWNhAe5EIxnmhJDeu"],2],-14],4,4,1],[1,"7cK4gwaX9IV5qmzzFdyate",null,null,null,1,0],[1,0,35.856,0]],[18,"scrollBar",33554432,2,[-21],[[[5,-17,[0,"1ePJeHnjBO9LKguMj+J+yC"],[5,12,400],[0,1,0.5]],[10,1,0,-18,[0,"ccHYcclBVInoizyD7UAPFR"],1],[21,37,250,1,-19,[0,"31g65YTP5KtbGKwl15XIAs"]],-20],4,4,4,1],[1,"4cbhzKp2lDVa+Uwgg0RBro",null,null,null,1,0],[1,275,0,0]],[16,"content",33554432,[-25],[[5,-22,[0,"13IqvZH49KjIaDZd/AJrCk"],[5,550,1610.3999999999999],[0,0.5,1]],[30,1,2,20,20,-23,[0,"65vLAouvJNh51xLFiiHePy"]],[22,1,-24,[0,"a8VXnP5k5Dmrh4M0vyo1x1"]]],[1,"57800cCVdOc7VmyFjOKKIt",null,null,null,1,0],[1,-10,200,0]],[3,"view",33554432,2,[4],[[2,-26,[0,"aeLcIrsK9EqKcM3hM54inH"],[5,550,400]],[31,-27,[0,"2eNehM9IdAe75T4i8i4O5T"]],[23,1,12.654000000000012,-28,[0,"1bfdQ5ynFJ+7LA3BrbNFXX"]],[32,-29,[0,"85zUqCUOFM9bsHmhs9a1eL"],[4,16777215]]],[1,"95cFhsirlID60K5Lo4MsYQ",null,null,null,1,0],[1,0,-12.654000000000025,0]],[7,"layer",33554432,1,[-32,-33],[[2,-30,[0,"886K/p/KpHla3LXqvJK//p"],[5,720,1280]],[6,45,100,100,-31,[0,"ab5SjBrO1P4KjfIG8x1s41"]]],[1,"33XjgpZKFLVIK+/eV/7a/6",null,null,null,1,0]],[7,"bg-001",33554432,1,[-37],[[2,-34,[0,"06EYfhtjVOtov83py0dPyp"],[5,720,1280]],[33,0.2,true,-35,[0,"e1hhJn0TRGepGWdNRrR+gL"]],[6,45,100,100,-36,[0,"83ADqT8GVDi4lt2p4Djv5e"]]],[1,"0398hIqehM/qtTRlGQ/aqm",null,null,null,1,0]],[7,"bg",33554432,1,[-40,2],[[2,-38,[0,"2cWh7QPgFHRqhtfRbrIXLz"],[5,600,600]],[26,1,0,-39,[0,"8bYhvJmuNAX4FEb+mw+71B"],[4,4293848814],3]],[1,"f4IX+V5cdA4LkoJC7rmqyv",null,null,null,1,0]],[3,"cancel",33554432,6,[-44],[[2,-41,[0,"813BKX0KRKZoFtwes8zE9L"],[5,160,70]],[27,0,true,-42,[0,"2bHdsyb8ZE6orJZr649hRv"],4],[12,3,-43,[0,"02A2vn8LNO45F3PI8ug5dt"],[[8,"6d4bal0OfNAaZPJgnXYYiRv","onCancel",1]],5]],[1,"60noIH+uxPTIq5Qv46NJl9",null,null,null,1,0],[1,-120,-246.416,0]],[3,"confirm",33554432,6,[-48],[[2,-45,[0,"540vAMb9lB3ZQc3pVDXf1T"],[5,160,70]],[11,0,-46,[0,"a2ufCdmEdKm7fLFxuql5gt"],6],[12,3,-47,[0,"cbuxarXfhP/bFma6BZlQVu"],[[8,"6d4bal0OfNAaZPJgnXYYiRv","onConfirm",1]],7]],[1,"33BK4VX2JMyYcf0s9vOFGV",null,null,null,1,0],[1,120,-246.416,0]],[3,"closeBtn",33554432,1,[-51],[[20,-49,[0,"f2tNAC9ahIm666KlI0PJfn"]],[34,-50,[0,"59voQs0/lEep8/9sKJx7US"],[[8,"6d4bal0OfNAaZPJgnXYYiRv","onClose",1]]]],[1,"eeVsSKr4JNBZZsaHQA+vPz",null,null,null,1,0],[1,269.841,272.6,0]],[4,"mask",33554432,7,[[2,-52,[0,"5f/HLxPs9D94XlE8VnLyiR"],[5,720,1280]],[28,0,-53,[0,"25dk7ZebtIn4EMh3xo8eHw"],[4,3355443200],0],[6,45,100,100,-54,[0,"a3fVB1yCdKpoQ8Xdafh/zi"]]],[1,"70bQqy091Pyr/whRYq01ii",null,null,null,1,0]],[9,"title",33554432,8,[[2,-55,[0,"73GdOus8tBOZiwEhSjHwbe"],[5,160,50.4]],[35,"隐私政策",40,true,-56,[0,"1cFlJ8s4RNS43nOzektLvA"],[4,4278190080]]],[1,"34V5PsB+ND879ypENAyJ04",null,null,null,1,0],[1,0,260.235,0]],[19,"bar",33554432,3,[[[5,-57,[0,"6cJg2/1qtFbIWrWoetj+ge"],[5,10,156.25],[0,0,0]],-58],4,1],[1,"c2o/W+x9ZPz7WaRsjxuRgW",null,null,null,1,0],[1,-11,-31.25,0]],[9,"label1",33554432,4,[[5,-59,[0,"63aJt3EMJNz62JCjkgvY4j"],[5,500,1570.3999999999999],[0,0,1]],[36,"我们尊重并保护所有使用服务用户的个人隐私权。为了给您提供更准确、更有个性化的服务，我们会按照本隐私权政策的规定使用和披露您的个人信息。但我们将以高度的勤勉、审慎义务对待这些信息。除本隐私权政策另有规定外，在未征得您事先许可的情况下，我们不会将这些信息对外披露或向第三方提供。我们会不时更新本隐私权政策。您在同意我们使用协议之时，即视为您已经同意本隐私权政策全部内容。本隐私权政策属于我们服务使用协议不可分割的一部分。\n1.适用范围\na）在您使用本游戏网络服务，本游戏自动接收并记录您的手机上的信息，包括但不限于您使用的语言、访问日期和时间、软硬件特征信息等数据。\n2.信息使用为服务用户的目的\n我们可能通过使用您的个人信息，向您提供您感兴趣的信息，包括但不限于向您发出产品和服务信息，或者与我们合作伙伴共享信息以便他们向您发送有关其产品和服务的信息（后者需要您的事先同意）。3.信息披露\n我们将依据您的个人意愿或法律的规定全部或部分的披露您的个人信息 \n(a) 本游戏不会将您的信息披露给不受信任的第三方；\n(b) 根据法律的有关规定，或者行政或司法机构的要求，向第三方或者行政、司法机构披露；\n(c) 如您出现违反中国有关法律、法规或者本游戏服务协议或相关规则的情况，需要向第三方披露；\n(d) 如您是适格的知识产权投诉人并已提起投诉，应被投诉人要求，向被投诉人披露，以便双方处理可能的权利纠纷;\n4.联系我们\n如果您对本隐私政策有任何疑问，请通过linluping@gzlinsi.com与我们联系。\n我们\n2022年08月10日",0,24,24,3,-60,[0,"42kJnvHuJOJYMKupr3Qjf/"],[4,4278190080]]],[1,"6cW//B+5VDlKuM0+dTLVXE",null,null,null,1,0],[1,-239.204,-20,0]],[4,"Label",33554432,9,[[2,-61,[0,"90exbPFsJD0a0mJqoSv+Af"],[5,52,50.4]],[13,"拒绝",26,26,-62,[0,"288QLN4mJC86Pf/bgtZXJt"],[4,4278190080]]],[1,"6essJoK6BMi7UPBfB6SiEM",null,null,null,1,0]],[4,"Label",33554432,10,[[2,-63,[0,"02D26fTclInaZGwdjwY+RE"],[5,52,50.4]],[13,"同意",26,26,-64,[0,"204Lfrv5hJPIj1klA4dU+w"],[4,4278190080]]],[1,"47eB2jXdtPm6/Uy4rCRVo4",null,null,null,1,0]],[4,"btn02",33554432,11,[[2,-65,[0,"b9/dIuIOdOLoe/VNrcSNEh"],[5,40,40]],[11,0,-66,[0,"5fXFDz/9JCOJvX4h+5Ly5O"],8]],[1,"2768+0roJEEYgREGMCKeu2",null,null,null,1,0]],[29,1,0,14,[0,"15GzR7T4tLv6m0ddWgXQvL"]],[37,1,3,[0,"94D5FdVqVAu6jtPHd1GZEH"],19],[38,0.23,0.75,false,2,[0,"b4ZMV8urhNRZuboFdDQLC3"],4,20]],0,[0,5,1,0,0,1,0,0,1,0,0,1,0,6,6,0,7,11,0,0,1,0,-1,7,0,-2,8,0,-3,6,0,-4,11,0,0,2,0,0,2,0,-3,21,0,-1,3,0,-2,5,0,0,3,0,0,3,0,0,3,0,-4,20,0,-1,14,0,0,4,0,0,4,0,0,4,0,-1,15,0,0,5,0,0,5,0,0,5,0,0,5,0,0,6,0,0,6,0,-1,9,0,-2,10,0,0,7,0,0,7,0,0,7,0,-1,12,0,0,8,0,0,8,0,-1,13,0,0,9,0,0,9,0,0,9,0,-1,16,0,0,10,0,0,10,0,0,10,0,-1,17,0,0,11,0,0,11,0,-1,18,0,0,12,0,0,12,0,0,12,0,0,13,0,0,13,0,0,14,0,-2,19,0,0,15,0,0,15,0,0,16,0,0,16,0,0,17,0,0,17,0,0,18,0,0,18,0,8,1,2,3,8,4,3,5,20,9,21,66],[0,0,0,0,0,0,0,0,0,19],[1,1,1,1,1,4,1,4,1,1],[1,4,5,1,0,0,0,0,6,7]],[[{"name":"btn01","rect":{"x":0,"y":0,"width":287,"height":105},"offset":{"x":0,"y":0},"originalSize":{"width":287,"height":105},"rotated":false,"capInsets":[0,0,0,0],"vertices":{"rawPosition":[-143.5,-52.5,0,143.5,-52.5,0,-143.5,52.5,0,143.5,52.5,0],"indexes":[0,1,2,2,1,3],"uv":[0,105,287,105,0,0,287,0],"nuv":[0,0,1,0,0,1,1,1],"minPos":{"x":-143.5,"y":-52.5,"z":0},"maxPos":{"x":143.5,"y":52.5,"z":0}},"packable":true,"pixelsToUnit":100,"pivot":{"x":0.5,"y":0.5},"meshType":0}],[3],0,[0],[2],[8]]]]
