[1,["2bVpkhSIRBO4Xa5o314C6l@6c48a","1brw/JvvpFnIvdrxpFCgMZ"],["mainTexture","_effectAsset"],[["cc.Material",["_name","_states","_defines","_props"],0,12]],[[0,0,1,2,3,4]],[[0,"player-test",[{"rasterizerState":{},"depthStencilState":{},"blendState":{"targets":[{}]}},{"rasterizerState":{},"depthStencilState":{},"blendState":{"targets":[{}]}},{"rasterizerState":{},"depthStencilState":{},"blendState":{"targets":[{}]}}],[{"USE_INSTANCING":true,"USE_ALBEDO_MAP":true},{},{}],[[[{"roughness":0.8,"metallic":0.6},"mainTexture",6,0],{},{}],11,0,0]]],0,0,[0,0],[0,1],[0,1]]
