[1,["17be67611@6c48a"],["_textureSource"],["cc.SpriteFrame"],0,[[[{"name":"jz_grenade_boom_00003","rect":{"x":2,"y":2,"width":350,"height":350},"offset":{"x":0,"y":0},"originalSize":{"width":350,"height":350},"rotated":false,"capInsets":[0,0,0,0],"packable":true,"pixelsToUnit":100,"pivot":{"x":0.5,"y":0.5},"meshType":0}],[0],0,[0],[0],[0]],[[{"name":"jz_grenade_boom_00009","rect":{"x":2,"y":356,"width":350,"height":350},"offset":{"x":0,"y":0},"originalSize":{"width":350,"height":350},"rotated":false,"capInsets":[0,0,0,0],"packable":true,"pixelsToUnit":100,"pivot":{"x":0.5,"y":0.5},"meshType":0}],[0],0,[0],[0],[0]],[[{"name":"jz_grenade_boom_00012","rect":{"x":2,"y":710,"width":350,"height":350},"offset":{"x":0,"y":0},"originalSize":{"width":350,"height":350},"rotated":false,"capInsets":[0,0,0,0],"packable":true,"pixelsToUnit":100,"pivot":{"x":0.5,"y":0.5},"meshType":0}],[0],0,[0],[0],[0]],[[{"name":"jz_grenade_boom_00015","rect":{"x":2,"y":1064,"width":350,"height":350},"offset":{"x":0,"y":0},"originalSize":{"width":350,"height":350},"rotated":false,"capInsets":[0,0,0,0],"packable":true,"pixelsToUnit":100,"pivot":{"x":0.5,"y":0.5},"meshType":0}],[0],0,[0],[0],[0]],[[{"name":"jz_grenade_boom_00008","rect":{"x":2,"y":1418,"width":350,"height":350},"offset":{"x":0,"y":0},"originalSize":{"width":350,"height":350},"rotated":false,"capInsets":[0,0,0,0],"packable":true,"pixelsToUnit":100,"pivot":{"x":0.5,"y":0.5},"meshType":0}],[0],0,[0],[0],[0]],[[{"name":"jz_grenade_boom_00011","rect":{"x":356,"y":2,"width":350,"height":350},"offset":{"x":0,"y":0},"originalSize":{"width":350,"height":350},"rotated":false,"capInsets":[0,0,0,0],"packable":true,"pixelsToUnit":100,"pivot":{"x":0.5,"y":0.5},"meshType":0}],[0],0,[0],[0],[0]],[[{"name":"jz_grenade_boom_00022","rect":{"x":710,"y":2,"width":350,"height":350},"offset":{"x":0,"y":0},"originalSize":{"width":350,"height":350},"rotated":false,"capInsets":[0,0,0,0],"packable":true,"pixelsToUnit":100,"pivot":{"x":0.5,"y":0.5},"meshType":0}],[0],0,[0],[0],[0]],[[{"name":"jz_grenade_boom_00013","rect":{"x":1064,"y":2,"width":350,"height":350},"offset":{"x":0,"y":0},"originalSize":{"width":350,"height":350},"rotated":false,"capInsets":[0,0,0,0],"packable":true,"pixelsToUnit":100,"pivot":{"x":0.5,"y":0.5},"meshType":0}],[0],0,[0],[0],[0]],[[{"name":"jz_grenade_boom_00023","rect":{"x":1418,"y":2,"width":350,"height":350},"offset":{"x":0,"y":0},"originalSize":{"width":350,"height":350},"rotated":false,"capInsets":[0,0,0,0],"packable":true,"pixelsToUnit":100,"pivot":{"x":0.5,"y":0.5},"meshType":0}],[0],0,[0],[0],[0]],[[{"name":"jz_grenade_boom_00004","rect":{"x":356,"y":356,"width":350,"height":350},"offset":{"x":0,"y":0},"originalSize":{"width":350,"height":350},"rotated":false,"capInsets":[0,0,0,0],"packable":true,"pixelsToUnit":100,"pivot":{"x":0.5,"y":0.5},"meshType":0}],[0],0,[0],[0],[0]],[[{"name":"jz_grenade_boom_00017","rect":{"x":356,"y":710,"width":350,"height":350},"offset":{"x":0,"y":0},"originalSize":{"width":350,"height":350},"rotated":false,"capInsets":[0,0,0,0],"packable":true,"pixelsToUnit":100,"pivot":{"x":0.5,"y":0.5},"meshType":0}],[0],0,[0],[0],[0]],[[{"name":"jz_grenade_boom_00014","rect":{"x":356,"y":1064,"width":350,"height":350},"offset":{"x":0,"y":0},"originalSize":{"width":350,"height":350},"rotated":false,"capInsets":[0,0,0,0],"packable":true,"pixelsToUnit":100,"pivot":{"x":0.5,"y":0.5},"meshType":0}],[0],0,[0],[0],[0]],[[{"name":"jz_grenade_boom_00001","rect":{"x":356,"y":1418,"width":350,"height":350},"offset":{"x":0,"y":0},"originalSize":{"width":350,"height":350},"rotated":false,"capInsets":[0,0,0,0],"packable":true,"pixelsToUnit":100,"pivot":{"x":0.5,"y":0.5},"meshType":0}],[0],0,[0],[0],[0]],[[{"name":"jz_grenade_boom_00024","rect":{"x":710,"y":356,"width":350,"height":350},"offset":{"x":0,"y":0},"originalSize":{"width":350,"height":350},"rotated":false,"capInsets":[0,0,0,0],"packable":true,"pixelsToUnit":100,"pivot":{"x":0.5,"y":0.5},"meshType":0}],[0],0,[0],[0],[0]],[[{"name":"jz_grenade_boom_00016","rect":{"x":1064,"y":356,"width":350,"height":350},"offset":{"x":0,"y":0},"originalSize":{"width":350,"height":350},"rotated":false,"capInsets":[0,0,0,0],"packable":true,"pixelsToUnit":100,"pivot":{"x":0.5,"y":0.5},"meshType":0}],[0],0,[0],[0],[0]],[[{"name":"jz_grenade_boom_00021","rect":{"x":1418,"y":356,"width":350,"height":350},"offset":{"x":0,"y":0},"originalSize":{"width":350,"height":350},"rotated":false,"capInsets":[0,0,0,0],"packable":true,"pixelsToUnit":100,"pivot":{"x":0.5,"y":0.5},"meshType":0}],[0],0,[0],[0],[0]],[[{"name":"jz_grenade_boom_00007","rect":{"x":710,"y":710,"width":350,"height":350},"offset":{"x":0,"y":0},"originalSize":{"width":350,"height":350},"rotated":false,"capInsets":[0,0,0,0],"packable":true,"pixelsToUnit":100,"pivot":{"x":0.5,"y":0.5},"meshType":0}],[0],0,[0],[0],[0]],[[{"name":"jz_grenade_boom_00002","rect":{"x":710,"y":1064,"width":350,"height":350},"offset":{"x":0,"y":0},"originalSize":{"width":350,"height":350},"rotated":false,"capInsets":[0,0,0,0],"packable":true,"pixelsToUnit":100,"pivot":{"x":0.5,"y":0.5},"meshType":0}],[0],0,[0],[0],[0]],[[{"name":"jz_grenade_boom_00020","rect":{"x":710,"y":1418,"width":350,"height":350},"offset":{"x":0,"y":0},"originalSize":{"width":350,"height":350},"rotated":false,"capInsets":[0,0,0,0],"packable":true,"pixelsToUnit":100,"pivot":{"x":0.5,"y":0.5},"meshType":0}],[0],0,[0],[0],[0]],[[{"name":"jz_grenade_boom_00018","rect":{"x":1064,"y":710,"width":350,"height":350},"offset":{"x":0,"y":0},"originalSize":{"width":350,"height":350},"rotated":false,"capInsets":[0,0,0,0],"packable":true,"pixelsToUnit":100,"pivot":{"x":0.5,"y":0.5},"meshType":0}],[0],0,[0],[0],[0]],[[{"name":"jz_grenade_boom_00019","rect":{"x":1418,"y":710,"width":350,"height":350},"offset":{"x":0,"y":0},"originalSize":{"width":350,"height":350},"rotated":false,"capInsets":[0,0,0,0],"packable":true,"pixelsToUnit":100,"pivot":{"x":0.5,"y":0.5},"meshType":0}],[0],0,[0],[0],[0]],[[{"name":"jz_grenade_boom_00005","rect":{"x":1064,"y":1064,"width":350,"height":350},"offset":{"x":0,"y":0},"originalSize":{"width":350,"height":350},"rotated":false,"capInsets":[0,0,0,0],"packable":true,"pixelsToUnit":100,"pivot":{"x":0.5,"y":0.5},"meshType":0}],[0],0,[0],[0],[0]],[[{"name":"jz_grenade_boom_00010","rect":{"x":1064,"y":1418,"width":350,"height":350},"offset":{"x":0,"y":0},"originalSize":{"width":350,"height":350},"rotated":false,"capInsets":[0,0,0,0],"packable":true,"pixelsToUnit":100,"pivot":{"x":0.5,"y":0.5},"meshType":0}],[0],0,[0],[0],[0]],[[{"name":"jz_grenade_boom_00000","rect":{"x":1418,"y":1064,"width":350,"height":350},"offset":{"x":0,"y":0},"originalSize":{"width":350,"height":350},"rotated":false,"capInsets":[0,0,0,0],"packable":true,"pixelsToUnit":100,"pivot":{"x":0.5,"y":0.5},"meshType":0}],[0],0,[0],[0],[0]],[[{"name":"jz_grenade_boom_00006","rect":{"x":1418,"y":1418,"width":350,"height":350},"offset":{"x":0,"y":0},"originalSize":{"width":350,"height":350},"rotated":false,"capInsets":[0,0,0,0],"packable":true,"pixelsToUnit":100,"pivot":{"x":0.5,"y":0.5},"meshType":0}],[0],0,[0],[0],[0]]]]
