[1,["2851Z2pGZOnLsm/VsUofgQ@d90a4","2851Z2pGZOnLsm/VsUofgQ@fbc26","f6SJZOjTJB/JrJeh5xTdF7"],["root","node","data","_mesh","_effectAsset"],[["cc.Node",["_name","_prefab","_children","_parent","_components"],2,4,2,1,9],["cc.Prefab",["_name"],2],["cc.PrefabInfo",["fileId","instance","targetOverrides","nestedPrefabInstanceRoots","root","asset"],-1,1,1],["cc.MeshRenderer",["node","__prefab","_materials","bakeSettings","_mesh"],3,1,4,3,4,6],["cc.CompPrefabInfo",["fileId"],2],["cc.ModelBakeSettings",[],3],["cc.Material",["_name","_states","_defines","_props"],0,12],["cc.Mesh",["_native","_hash","_struct"],1,11]],[[2,0,1,2,3,4,5,5],[1,0,2],[0,0,2,1,2],[0,0,3,4,1,2],[3,0,1,2,3,4,1],[4,0,2],[5,1],[6,0,1,2,3,4],[7,0,1,2,3]],[[[[1,"Architecture_D"],[2,"Architecture_D",[-2],[0,"28DbUpM3JUl62HqNtLYEMm",null,null,null,-1,0]],[3,"Architecture_D",1,[[4,-3,[5,"a4j4DscjlXoIds9W4i/GDY"],[0],[6],1]],[0,"602kyrx8tXxKR/ywBjNjjs",null,null,null,1,0]]],0,[0,0,1,0,-1,2,0,1,2,0,2,1,3],[0,0],[-1,3],[0,1]],[[[7,"01 - Default",[{"rasterizerState":{},"blendState":{"targets":[{}]},"depthStencilState":{}}],[{"DCC_APP_NAME":1}],[[[{"albedoScale":1,"specularFactor":0,"shininessExponent":1.9999998807907104,"emissiveScale":0},"mainColor",8,[4,4291480266],"specularColor",8,[4,4294177779],"emissive",8,[4,4278190080]]],11]]],0,0,[0],[4],[2]],[[[8,".bin",3002420243,[{"primitives":[{"primitiveMode":7,"vertexBundelIndices":[0],"indexView":{"offset":96912,"length":6204,"count":3102,"stride":2}}],"vertexBundles":[{"view":{"offset":0,"length":96912,"count":2019,"stride":48},"attributes":[{"name":"a_position","format":32,"isNormalized":false},{"name":"a_normal","format":32,"isNormalized":false},{"name":"a_texCoord","format":21,"isNormalized":false},{"name":"a_tangent","format":44,"isNormalized":false}]}]},"minPosition",8,[1,-1.8901077508926392,-0.1610497534275055,-1.8901084661483765],"maxPosition",8,[1,1.89011812210083,7.8443217277526855,1.8901112079620361]]],-1],0,0,[],[],[]]]]
