[1,["f6SJZOjTJB/JrJeh5xTdF7","c9UK7UheZEl7VZZJyOpcuA@78e21","c9UK7UheZEl7VZZJyOpcuA@b0f67"],["_effectAsset","root","node","data","_mesh"],[["cc.Node",["_name","_prefab","_children","_parent","_components"],2,4,2,1,9],["cc.Material",["_name","_states","_defines","_props"],0,12],["cc.Prefab",["_name"],2],["cc.PrefabInfo",["fileId","instance","targetOverrides","nestedPrefabInstanceRoots","root","asset"],-1,1,1],["cc.MeshRenderer",["node","__prefab","_materials","bakeSettings","_mesh"],3,1,4,3,4,6],["cc.CompPrefabInfo",["fileId"],2],["cc.ModelBakeSettings",[],3],["cc.Mesh",["_native","_hash","_struct"],1,11]],[[3,0,1,2,3,4,5,5],[1,0,1,2,3,4],[2,0,2],[0,0,2,1,2],[0,0,3,4,1,2],[4,0,1,2,3,4,1],[5,0,2],[6,1],[7,0,1,2,3]],[[[[1,"13 - Default",[{"rasterizerState":{},"blendState":{"targets":[{}]},"depthStencilState":{}}],[{"DCC_APP_NAME":1}],[[[{"albedoScale":1,"specularFactor":0,"shininessExponent":1.9999998807907104,"emissiveScale":0},"mainColor",8,[4,4291480266],"specularColor",8,[4,4294177779],"emissive",8,[4,4278190080]]],11]]],0,0,[0],[0],[0]],[[[2,"ElectricSaw"],[3,"ElectricSaw",[-2],[0,"c9eQGIFQxfh6kDYjx4X9oH",null,null,null,-1,0]],[4,"ElectricSaw",1,[[5,-3,[6,"45L3DDma1ZILeUgQL3QRnh"],[0],[7],1]],[0,"42PyBHqfZRM5+8nvWaKAY4",null,null,null,1,0]]],0,[0,1,1,0,-1,2,0,2,2,0,3,1,3],[0,0],[-1,4],[1,2]],[[[8,".bin",4178969098,[{"primitives":[{"primitiveMode":7,"vertexBundelIndices":[0],"indexView":{"offset":19344,"length":2412,"count":1206,"stride":2}}],"vertexBundles":[{"view":{"offset":0,"length":19344,"count":403,"stride":48},"attributes":[{"name":"a_position","format":32,"isNormalized":false},{"name":"a_normal","format":32,"isNormalized":false},{"name":"a_texCoord","format":21,"isNormalized":false},{"name":"a_tangent","format":44,"isNormalized":false}]}]},"minPosition",8,[1,-1.1197787523269653,0.04271900653839111,-1.1321454048156738],"maxPosition",8,[1,1.1478781700134277,0.21947860717773438,1.1355103254318237]]],-1],0,0,[],[],[]]]]
