[1,["74mJGdwiZNP4qWdYwiv++5@48bd7","f9LAnar4tPHZBxntKlc9qA","b4X5g2FidFPZHUO3wNohUQ@6c48a","c7aIDdd5NBvJvxh5FEpXjA"],["node","root","data","mergeMesh","mainTexture","_effectAsset"],[["cc.Prefab",["_name"],2],["cc.Node",["_name","_components","_prefab"],2,9,4],["72632+6gCJE3JD050ETr+qn",["animTime","initAngY","node","__prefab","bulletSize","mergeMesh"],1,1,4,5,6],["cc.CompPrefabInfo",["fileId"],2],["cc.MeshRenderer",["_name","node","__prefab","_materials","bakeSettings"],2,1,4,3,4],["cc.ModelBakeSettings",[],3],["cc.PrefabInfo",["fileId","instance","targetOverrides","nestedPrefabInstanceRoots","root","asset"],-1,1,1],["cc.Material",["_name","_techIdx","_states","_defines","_props"],-1,12]],[[3,0,2],[0,0,2],[1,0,1,2,2],[2,0,1,2,3,4,5,3],[4,0,1,2,3,4,2],[5,1],[6,0,1,2,3,4,5,5],[7,0,1,2,3,4,5]],[[[[1,"mergeFortBarbetteBullet"],[2,"mergeFortBarbetteBullet",[[3,0.8,90,-2,[0,"49qx3gA+pI5IBCNLOm2c1T"],[5,0.2,0.2],0],[4,"Cube<ModelComponent>",-3,[0,"abESbOpcJBY4WgQxcX6f6S"],[1],[5]]],[6,"09raZeF51Bo5J5V8hHAAlL",null,null,null,-1,0]]],0,[0,1,1,0,0,1,0,0,1,0,2,1,3],[0,0],[3,-1],[0,1]],[[[7,"mergeFortBarbetteBullet","2",[{"rasterizerState":{},"depthStencilState":{},"blendState":{"targets":[{}]}}],[{"USE_INSTANCING":true,"USE_TEXTURE":true}],[[[{},"quadScale",8,[2,0.7,1,2,1],"mainColor",8,[4,4286808965],"mainTexture",6,0]],11]]],0,0,[0,0],[4,5],[2,3]]]]
