[1,["c2VBBSLrFCCbDEM8i2qrCH@f9941","c2VBBSLrFCCbDEM8i2qrCH@6c48a"],["spriteFrame","_textureSource"],["cc.SpriteFrame",["cc.LabelAtlas",["_name","fontSize","fntConfig"],0]],[[1,0,1,2,4]],[[[[0,"font_time",79.2,{"commonHeight":90,"fontSize":79,"atlasName":"font_time","fontDefDictionary":{"49":{"xOffset":0,"yOffset":0,"xAdvance":90,"rect":{"x":0,"y":0,"width":90,"height":90}},"50":{"xOffset":0,"yOffset":0,"xAdvance":90,"rect":{"x":90,"y":0,"width":90,"height":90}},"51":{"xOffset":0,"yOffset":0,"xAdvance":90,"rect":{"x":180,"y":0,"width":90,"height":90}},"52":{"xOffset":0,"yOffset":0,"xAdvance":90,"rect":{"x":270,"y":0,"width":90,"height":90}},"53":{"xOffset":0,"yOffset":0,"xAdvance":90,"rect":{"x":360,"y":0,"width":90,"height":90}}},"kerningDict":{}}]],0,0,[0],[0],[0]],[[{"name":"font_time","rect":{"x":20,"y":7,"width":420,"height":76},"offset":{"x":5,"y":0},"originalSize":{"width":450,"height":90},"rotated":false,"capInsets":[0,0,0,0],"vertices":{"rawPosition":[-210,-38,0,210,-38,0,-210,38,0,210,38,0],"indexes":[0,1,2,2,1,3],"uv":[20,83,440,83,20,7,440,7],"nuv":[0.044444444444444446,0.07777777777777778,0.9777777777777777,0.07777777777777778,0.044444444444444446,0.9222222222222223,0.9777777777777777,0.9222222222222223],"minPos":{"x":-210,"y":-38,"z":0},"maxPos":{"x":210,"y":38,"z":0}},"packable":true,"pixelsToUnit":100,"pivot":{"x":0.5,"y":0.5},"meshType":0}],[0],0,[0],[1],[1]]]]
