[1,["11naWO5HBKjY1Cq0n6YqFV@6c48a","9bIKUUbMNJ3rIWtrhjBGJJ","7btkiirqlOgowY3hUtJw6e","ea2Q2dVA1BM7JE3MX9fTMv@7b587"],["node","mainTexture","_effectAsset","root","data","_mesh"],[["cc.Material",["_name","_states","_defines","_props"],0,12],["cc.Prefab",["_name"],2],["cc.Node",["_name","_components","_prefab","_lpos"],2,9,4,5],["cc.MeshRenderer",["_shadowCastingMode","node","__prefab","_materials","bakeSettings","_mesh"],2,1,4,3,4,6],["cc.CompPrefabInfo",["fileId"],2],["cc.ModelBakeSettings",[],3],["03c2fqLmAJNO4i0knLkP03d",["node","__prefab"],3,1,4],["cc.PrefabInfo",["fileId","instance","targetOverrides","nestedPrefabInstanceRoots","root","asset"],-1,1,1],["cc.Mesh",["_native","_hash","_struct"],1,11]],[[4,0,2],[0,0,1,2,3,4],[1,0,2],[2,0,1,2,3,2],[3,0,1,2,3,4,5,2],[5,1],[6,0,1,1],[7,0,1,2,3,4,5,5],[8,0,1,2,3]],[[[[1,"Decorate_A",[{"rasterizerState":{},"depthStencilState":{},"blendState":{"targets":[{}]}},{"rasterizerState":{},"depthStencilState":{},"blendState":{"targets":[{}]}},{"rasterizerState":{},"depthStencilState":{},"blendState":{"targets":[{}]}},{"rasterizerState":{},"depthStencilState":{},"blendState":{"targets":[{}]}}],[{"USE_INSTANCING":true,"USE_BASE_COLOR_MAP":true},{"USE_INSTANCING":true,"USE_BASE_COLOR_MAP":true,"BASE_COLOR_MAP_AS_SHADE_MAP_1":true,"BASE_COLOR_MAP_AS_SHADE_MAP_2":true},{},{}],[[{},[{},"mainColor",8,[4,4294967295],"mainTexture",6,0],{},{}],0,11,0,0]]],0,0,[0,0],[1,2],[0,1]],[[[2,"Decorate_A"],[3,"Decorate_A",[[4,1,-2,[0,"90VT7RHodIw7IVe1dURc7F"],[0],[5],1],[6,-3,[0,"8dQ76R97ZLELZyS6mrdQQ+"]]],[7,"59x/stO0RKXoGO8ckQKQmE",null,null,null,-1,0],[1,-6.752,0,-12.129]]],0,[0,3,1,0,0,1,0,0,1,0,4,1,3],[0,0],[-1,5],[2,3]],[[[8,".bin",2639528131,[{"primitives":[{"primitiveMode":7,"vertexBundelIndices":[0],"indexView":{"offset":59520,"length":3240,"count":1620,"stride":2}}],"vertexBundles":[{"view":{"offset":0,"length":59520,"count":1240,"stride":48},"attributes":[{"name":"a_position","format":32,"isNormalized":false},{"name":"a_normal","format":32,"isNormalized":false},{"name":"a_texCoord","format":21,"isNormalized":false},{"name":"a_tangent","format":44,"isNormalized":false}]}]},"minPosition",8,[1,-5.000000953674316,-0.8678587079048157,-5.000000476837158],"maxPosition",8,[1,5.000000953674316,0.7622674703598022,5.000000953674316]]],-1],0,0,[],[],[]]]]
