[1,["47m0MCZ9hEgaHXZfbp85R/@6c48a","a7YStUNeNCOKGpSntUY1g5","aa1z3zvNdCuYhz3G+IcpbF@6c48a","a3zQCfCrBCDZJ4uf2rk5u8","56duCpk0JC64lHbVvaC79H","3796gCQf5AX6O8fnZwjVzR@ab45c","8eDauoTf1DbYvf+nStZQbm","12Y9dMgWdJKJGmTiZyQR9H@fc873"],["node","mainTexture","_effectAsset","_mesh","root","rocket","_parent","data"],[["cc.Node",["_name","_prefab","_lpos","_components","_parent","_children","_lrot","_lscale","_euler"],2,4,5,9,1,2,5,5,5],["cc.Material",["_name","_states","_defines","_techIdx","_props"],-1,12],["cc.PrefabInfo",["fileId","instance","nestedPrefabInstanceRoots","targetOverrides","root","asset"],-1,1,1],["cc.MeshRenderer",["_name","node","__prefab","_materials","bakeSettings","_mesh"],2,1,4,3,4,6],["cc.Prefab",["_name"],2],["cc.Node",["_name","_parent","_children","_components","_prefab","_lpos","_lrot","_euler"],2,1,9,9,4,5,5,5],["e363endlshO/JDE9YxdSaBu",["trapType","node","__prefab","cldSize","rocket","boomSize"],2,1,4,5,1,5],["cc.CompPrefabInfo",["fileId"],2],["cc.ModelBakeSettings",[],3]],[[7,0,2],[2,0,1,3,2,4,5,5],[8,1],[1,0,1,2,4,4],[1,0,3,1,2,4,5],[4,0,2],[0,0,5,3,1,2,2],[0,0,4,1,2,2],[0,0,4,3,1,2,6,7,8,2],[5,0,1,2,3,4,5,6,7,2],[6,0,1,2,3,4,5,2],[2,0,1,2,3,4,5,5],[3,1,2,3,4,5,1],[3,0,1,2,3,4,5,2]],[[[[3,"Rocket",[{"rasterizerState":{},"depthStencilState":{},"blendState":{"targets":[{}]}},{"rasterizerState":{},"depthStencilState":{},"blendState":{"targets":[{}]}},{"rasterizerState":{},"depthStencilState":{},"blendState":{"targets":[{}]}},{"rasterizerState":{},"depthStencilState":{},"blendState":{"targets":[{}]}}],[{"USE_OUTLINE_PASS":true,"USE_INSTANCING":true,"USE_BASE_COLOR_MAP":true},{"USE_INSTANCING":true,"USE_BASE_COLOR_MAP":true,"BASE_COLOR_MAP_AS_SHADE_MAP_1":true,"BASE_COLOR_MAP_AS_SHADE_MAP_2":true},{},{}],[[[{},"baseColor",8,[4,4294967295]],[{},"mainColor",8,[4,4294967295],"specular",8,[4,1308622847],"mainTexture",6,0],{},{}],11,11,0,0]]],0,0,[0,0],[1,2],[0,1]],[[[4,"RocketMark","1",[{"rasterizerState":{},"depthStencilState":{},"blendState":{"targets":[{}]}}],[{"USE_TEXTURE":true}],[[[{},"mainTexture",6,0]],11]]],0,0,[0,0],[1,2],[2,3]],[[[5,"Rocket"],[6,"Rocket",[-4,-5],[[10,3,-3,[0,"cf5rXTs+lNd5aCj6GvVYVN"],[5,2,2],-2,[5,2,2]]],[11,"32EipL9GxE2ax2rdylNj9O",null,null,[],-1,0],[1,-14.22,0,0.216]],[9,"Rocket",1,[[7,"pos",-7,[1,"dd7wFk8bBLiZmRGVn0fMsj",null,null,null,1,0],[1,0,0,0.505]]],[[12,-6,[0,"0f5SrFHlZOSpWiwuRHcEZH"],[0],[2],1]],[1,"3cXN9MZNNPPrLfHptsmPMe",null,null,null,1,0],[1,0,0.751,0],[3,-0.7071067811865475,0,0,0.7071067811865476],[1,-90,0,0]],[8,"mark",1,[[13,"Quad<ModelComponent>",-8,[0,"7fWrsMThhJVLSn0NIewS8S"],[2],[2],3]],[1,"cdqYsWeUpApovbeD1Os29v",null,null,null,1,0],[1,0,0.1,0],[3,-0.7071067811865475,0,0,0.7071067811865476],[1,1.5,1.5,1],[1,-90,0,0]]],0,[0,4,1,0,5,2,0,0,1,0,-1,2,0,-2,3,0,0,2,0,6,2,0,0,3,0,7,1,8],[0,0,0,0],[-1,3,-1,3],[4,5,6,7]]]]
