[1,["be6eqI4AVJu42tj76HKsQX","f30M6WertEqpWoJWuqIViD@cc680","a6Kn2Y7o9DOoVjFyE2hffs","0frZTSnbxKnK7w82bsGPeg@f5631","11naWO5HBKjY1Cq0n6YqFV@6c48a","1brw/JvvpFnIvdrxpFCgMZ"],["_parent","node","_mesh","root","data","mainTexture","_effectAsset"],[["cc.Node",["_name","_prefab","_parent","_lpos","_children","_lrot","_euler","_components"],2,4,1,5,12,5,5,9],["cc.Node",["_name","_children","_prefab","_parent","_lpos"],2,9,4,1,5],["cc.Prefab",["_name"],2],["cc.Node",["_name","_parent","_children","_prefab"],2,1,2,4],["cc.PrefabInfo",["fileId","instance","targetOverrides","nestedPrefabInstanceRoots","root","asset"],-1,1,1],["cc.MeshRenderer",["node","__prefab","_materials","bakeSettings","_mesh"],3,1,4,3,4,6],["cc.CompPrefabInfo",["fileId"],2],["cc.ModelBakeSettings",[],3],["cc.Material",["_name","_states","_defines","_props"],0,12]],[[4,0,1,2,3,4,5,5],[0,0,2,1,3,2],[5,0,1,2,3,4,1],[6,0,2],[7,1],[0,0,2,1,3,5,6,2],[0,0,2,1,2],[0,0,2,7,1,3,2],[0,0,2,7,1,3,5,6,2],[1,0,3,1,2,2],[2,0,2],[0,0,4,1,3,2],[0,0,2,4,1,2],[1,0,1,2,2],[1,0,1,2,4,2],[3,0,1,2,3,2],[8,0,1,2,3,4]],[[[[10,"P004L"],[11,"P004L",[[-2,-3,-4,-5,-6,-7,-8,[1,"prop",-10,[0,"ffeZ098UBNdKpaagIg+XPJ",null,null,null,-9,0],[1,0,0,10]]],1,1,1,1,1,1,1,4],[0,"17ghubJrdNvIu0/3MZZA9j",null,null,null,-1,0],[1,134.745,0,59.003]],[9,"decorate",1,[[5,"Decorate",-11,[0,"8fwwYzywtInom1ZlfKhRet",null,null,null,1,0],[1,10,0,5],[3,0,1,0,6.123233995736766e-17],[1,0,180,0]],[5,"Decorate",-12,[0,"3bFymI4IVH8aDIXJe0xQcI",null,null,null,1,0],[1,10,0,15],[3,0,1,0,6.123233995736766e-17],[1,0,180,0]],[1,"Decorate_Turning",-13,[0,"32GF52Ya9JFpqqR7YSYwI+",null,null,null,1,0],[1,-10,2.288818308215923e-7,5]],[1,"Decorate_Turning",-14,[0,"d4AjC5Pu9JDJi6y+e+er8Q",null,null,null,1,0],[1,-10,2.288818308215923e-7,25]],[5,"Decorate",-15,[0,"83ff4uOihF1Z29suXMu/tg",null,null,null,1,0],[1,10,0,25],[3,0,1,0,6.123233995736766e-17],[1,0,180,0]]],[0,"d5LaycREpDupXKH0sKN7a3",null,null,null,1,0]],[9,"path",1,[[6,"0",-16,[0,"f52iOwkC5PTYnpkZpDxSzd",null,null,null,1,0]],[1,"1",-17,[0,"1cU8isQqFNH6V/6sUoAc7h",null,null,null,1,0],[1,0,0,10]],[1,"2",-18,[0,"bazTm7P8VE6IbZxicZFzVU",null,null,null,1,0],[1,-5,0,15]],[1,"3",-19,[0,"fesjtym/FDL5VhKJrGa/vo",null,null,null,1,0],[1,-15,0,15]]],[0,"e8o1iOK4NBFLveI/Yt9C46",null,null,null,1,0]],[13,"0",[[6,"0",-20,[0,"c5EJzBU4tJoZ/0DP6wA5Ms",null,null,null,1,0]],[1,"1",-21,[0,"23CTTBUmVAkIfsR50UPiY/",null,null,null,1,0],[1,0,0,10]],[1,"2",-22,[0,"41SZxdkLpAb5WkPKXqWLoH",null,null,null,1,0],[1,-5,0,15]],[1,"3",-23,[0,"78kWlauQ1KKLFJPlpxpSTX",null,null,null,1,0],[1,-15,0,15]]],[0,"3fzYKd4jNDCbhrrYPFxCvM",null,null,null,1,0]],[14,"1",[[6,"0",-24,[0,"14YFvPMDVHfYmSX8Y7Kaw3",null,null,null,1,0]],[1,"1",-25,[0,"71K3OCVWhOwpcBvkofU3MI",null,null,null,1,0],[1,0,0,-10]],[1,"2",-26,[0,"fdofRudzlHhK4ZUIADqSqU",null,null,null,1,0],[1,-5,0,-15]],[1,"3",-27,[0,"0bKfujiZ9GdI5js0qsWm2Q",null,null,null,1,0],[1,-15,0,-15]]],[0,"89Alk1MepLdaw5jqefPAK5",null,null,null,1,0],[1,0,0,30]],[12,"enemy",1,[[-28,[1,"trigger",-29,[0,"55aYWW1rNJHaRcMW19Rk2j",null,null,null,1,0],[1,-13.901,0,15]]],1,4],[0,"8cPavpEUNEqK5Ck4jfLX+s",null,null,null,1,0]],[15,"bornPos",6,[4,5],[0,"07hHPRx+lEDbEWnnCfCR9s",null,null,null,1,0]],[7,"road",1,[[2,-30,[3,"e2Vv92DK9Bb7mM2BuySuTp"],[0],[4],1]],[0,"bcUn9Z7hdHnJd8HF4UKZOt",null,null,null,1,0],[1,0,0,5]],[8,"road",1,[[2,-31,[3,"11A7csLLpHs7liore5B6Y3"],[2],[4],3]],[0,"11QzPPWmpJGIGLvGRtheMb",null,null,null,1,0],[1,-10,0,15],[3,0,0.7071067811865475,0,0.7071067811865476],[1,0,90,0]],[7,"road",1,[[2,-32,[3,"5akRSMj+pHL4JCzhBdUsya"],[4],[4],5]],[0,"750NAcz5RGhYqS4jsm4tnj",null,null,null,1,0],[1,0,0,25]],[8,"turnB",1,[[2,-33,[3,"395lqmRmRD27qtYhT03dZw"],[6],[4],7]],[0,"563IUsiqBKPIrejNotl855",null,null,null,1,0],[1,0,0,15],[3,0,-0.7071067811865475,0,0.7071067811865476],[1,0,-90,0]]],0,[0,3,1,0,-1,8,0,-2,9,0,-3,10,0,-4,3,0,-5,6,0,-6,2,0,-7,11,0,3,1,0,0,1,0,0,2,0,0,2,0,0,2,0,0,2,0,0,2,0,0,3,0,0,3,0,0,3,0,0,3,0,0,4,0,0,4,0,0,4,0,0,4,0,0,5,0,0,5,0,0,5,0,0,5,0,-1,7,0,0,6,0,1,8,0,1,9,0,1,10,0,1,11,0,4,1,4,0,7,5,0,7,33],[0,0,0,0,0,0,0,0],[-1,2,-1,2,-1,2,-1,2],[0,1,0,1,0,1,2,3]],[[[16,"road-turn-B",[{"rasterizerState":{},"depthStencilState":{},"blendState":{"targets":[{}]}},{"rasterizerState":{},"depthStencilState":{},"blendState":{"targets":[{}]}},{"rasterizerState":{},"depthStencilState":{},"blendState":{"targets":[{}]}}],[{"USE_INSTANCING":true,"USE_ALBEDO_MAP":true},{},{}],[[[{"roughness":0.8,"metallic":0.6},"mainTexture",6,0],{},{}],11,0,0]]],0,0,[0,0],[5,6],[4,5]]]]
