[1,["f1KiPEuSRDIqJgPZgkKPHo@6c48a","c7aIDdd5NBvJvxh5FEpXjA","12Y9dMgWdJKJGmTiZyQR9H@fc873","a6SgAjNjpEJZYA2VMaUlRm"],["node","mainTexture","_effectAsset","root","data","mergeMesh"],[["cc.Material",["_name","_techIdx","_states","_defines","_props"],-1,12],["cc.Prefab",["_name"],2],["cc.Node",["_name","_components","_prefab"],2,9,4],["fe0edmsAa5PqYoyarJQ69q6",["mergeType","groupNum","animTime","initScale","scaleFloat","scaleSpd","opacitySpd","node","__prefab","lineFloat","mergeMesh"],-4,1,4,5,6],["cc.CompPrefabInfo",["fileId"],2],["cc.MeshRenderer",["_name","node","__prefab","_materials","bakeSettings"],2,1,4,3,4],["cc.ModelBakeSettings",[],3],["cc.PrefabInfo",["fileId","instance","targetOverrides","nestedPrefabInstanceRoots","root","asset"],-1,1,1]],[[4,0,2],[0,0,1,2,3,4,5],[1,0,2],[2,0,1,2,2],[3,0,1,2,3,4,5,6,7,8,9,10,8],[5,0,1,2,3,4,2],[6,1],[7,0,1,2,3,4,5,5]],[[[[1,"merge-RoleDeath","2",[{"rasterizerState":{},"depthStencilState":{},"blendState":{"targets":[{}]}}],[{"USE_TEXTURE":true,"USE_BILLBOARD":true,"USE_MIX_ALPHA":true}],[[[{},"mainColor",8,[4,4294943488],"mainTexture",6,0]],11]]],0,0,[0,0],[1,2],[0,1]],[[[2,"mergeRoleDeath"],[3,"mergeRoleDeath",[[4,1,20,0.7,0.5,0.15,-0.8,-1.2,-2,[0,"6cnYka2EhPF4NEYCtOT0H3"],[1,10,10,10],0],[5,"Cube<ModelComponent>",-3,[0,"abESbOpcJBY4WgQxcX6f6S"],[1],[6]]],[7,"09raZeF51Bo5J5V8hHAAlL",null,null,null,-1,0]]],0,[0,3,1,0,0,1,0,0,1,0,4,1,3],[0,0],[5,-1],[2,3]]]]
