[1,["3dCaj4gVFGZ5+/xK9Lcu32","89PN9p8LFMA4rkK3uTdOjA@f9941","afxHkx8GZGsJC+n+YfITQo@6c48a","48z8pFNXxMgalJGw3UMN/F@f9941","1atwvKddBJ6qSrf+s3/wjo@f9941","ffuIqPr2JI9I8dPLYGRDpD@f9941","039dik/cRLpL6hkZM7DNbq@f9941","3cMvmjws9O0YZPD7C08j70@f9941","88LfVLSSdNHrgZWWOMHxNV","afxHkx8GZGsJC+n+YfITQo@f9941","ffuIqPr2JI9I8dPLYGRDpD@6c48a"],["node","_spriteFrame","_parent","_textureSource","_font","root","content","data","_scrollView","_normalSprite","itemPrefab"],[["cc.Node",["_name","_layer","_objFlags","_components","_prefab","_parent","_children","_lpos","_lscale"],0,9,4,1,2,5,5],["cc.Widget",["_alignFlags","_originalWidth","_originalHeight","_bottom","_top","_alignMode","node","__prefab"],-3,1,4],["cc.Sprite",["_sizeMode","_type","_enabled","node","__prefab","_spriteFrame"],0,1,4,6],["cc.Node",["_name","_layer","_active","_components","_prefab","_children","_lpos","_parent"],0,12,4,2,5,1],["cc.UITransform",["node","__prefab","_contentSize","_anchorPoint"],3,1,4,5,5],["294f6Gp3tZL54Z4UhFK7L8G",["enterDirection","easingType","animTime","isOpacityAnim","node","__prefab"],-1,1,4],"cc.SpriteFrame",["cc.Button",["_transition","node","__prefab","_normalSprite","clickEvents"],2,1,4,6,9],["cc.Label",["_string","_actualFontSize","_isSystemFontUsed","_isItalic","_enableOutline","_fontSize","_lineHeight","node","__prefab","_font","_color"],-4,1,4,6,5],["ff426r5VxRIqIDTBVhDkGLC",["platformType","node","__prefab"],2,1,4],["cc.Prefab",["_name"],2],["cc.CompPrefabInfo",["fileId"],2],["dafa76sXLFFib0YPRoCAjtY",["node","__prefab","content","itemPrefab"],3,1,4,1,6],["cc.BlockInputEvents",["node","__prefab"],3,1,4],["cc.PrefabInfo",["fileId","instance","targetOverrides","nestedPrefabInstanceRoots","root","asset"],-1,1,1],["cc.Layout",["_resizeMode","_layoutType","_paddingLeft","_paddingTop","_spacingX","node","__prefab"],-2,1,4],["cc.Mask",["node","__prefab"],3,1,4],["cc.Graphics",["node","__prefab","_fillColor"],3,1,4,5],["cc.ClickEvent",["_componentId","handler","target"],1,1],["cc.ScrollBar",["_direction","node","__prefab","_handle"],2,1,4,1],["cc.ScrollView",["bounceDuration","brake","horizontal","node","__prefab","_content","_verticalScrollBar"],0,1,4,1,1]],[[11,0,2],[14,0,1,2,3,4,5,5],[4,0,1,2,3,1],[0,0,1,5,6,3,4,7,3],[4,0,1,2,1],[0,0,1,5,3,4,3],[2,3,4,5,1],[0,0,1,5,3,4,7,3],[1,0,1,2,6,7,4],[1,0,1,6,7,3],[2,1,0,3,4,5,3],[10,0,2],[0,0,2,1,6,3,4,4],[0,0,1,3,4,3],[0,0,1,6,3,4,3],[0,0,1,5,3,4,7,8,3],[3,0,2,1,5,3,4,6,4],[3,0,1,7,5,3,4,3],[3,0,1,7,3,4,6,3],[4,0,1,1],[1,0,4,3,1,2,6,7,6],[1,0,2,5,6,7,4],[1,0,3,1,2,6,7,5],[12,0,1,2,3,1],[13,0,1,1],[5,0,1,2,4,5,4],[5,3,4,5,2],[5,0,1,4,5,3],[2,2,0,3,4,5,3],[2,1,0,3,4,3],[15,0,1,2,3,4,5,6,6],[16,0,1,1],[17,0,1,2,1],[7,0,1,2,3,2],[7,0,1,2,4,2],[18,0,1,2,3],[8,0,1,5,6,2,3,4,7,8,9,8],[8,0,1,2,3,4,7,8,10,9,6],[19,0,1,2,3,2],[20,0,1,2,3,4,5,6,4],[9,1,2,1],[9,0,1,2,2]],[[[{"name":"default_scrollbar_vertical","rect":{"x":0,"y":0,"width":15,"height":30},"offset":{"x":0,"y":0},"originalSize":{"width":15,"height":30},"rotated":false,"capInsets":[4,10,4,10],"vertices":{"rawPosition":[-7.5,-15,0,7.5,-15,0,-7.5,15,0,7.5,15,0],"indexes":[0,1,2,2,1,3],"uv":[0,30,15,30,0,0,15,0],"nuv":[0,0,1,0,0,1,1,1],"minPos":{"x":-7.5,"y":-15,"z":0},"maxPos":{"x":7.5,"y":15,"z":0}},"packable":true,"pixelsToUnit":100,"pivot":{"x":0.5,"y":0.5},"meshType":0}],[6],0,[0],[3],[2]],[[[11,"ShopUI"],[12,"ShopUI",512,33554432,[-7,-8,-9,-10,-11],[[4,-2,[0,"ccESY5cRtIH7eWUHvdkcHq"],[5,720,1280]],[8,45,100,100,-3,[0,"915k7d3JhNoIwj9+ZqkVgS"]],[23,-5,[0,"f4+iKv8ztIX70xLEAq784k"],-4,9],[24,-6,[0,"16P2CKAApJCr65MqBaUIU9"]]],[1,"0clK8nBgdGnbZFd5chouPh",null,null,null,-1,0]],[3,"view",33554432,1,[-15,-16,-17],[[2,-12,[0,"df+gkm+SJELJnElcN0XtlP"],[5,720,676.325],[0,0.5,1]],[20,44,590,212.00799999999995,100,100,-13,[0,"f4M/Lj1p5FSbWiJyse3RDY"]],[25,2,0,0.2,-14,[0,"46eNfrMCtKKbhW5UhKppdM"]]],[1,"5bc2PAwTxPZ5o/hn0wgOsR",null,null,null,1,0],[1,0,248.33299999999997,0]],[16,"scrollBar",false,33554432,[-22],[[[2,-18,[0,"c11GFxBDFKoJw2noDDZc4C"],[5,12,250],[0,1,0.5]],[10,1,0,-19,[0,"26XWRchdJG2oVXOFVonNPM"],2],[21,37,250,1,-20,[0,"40buftnUlG3axrMOocW5Ip"]],-21],4,4,4,1],[1,"295hoKEldGtoysbB9yBpDT",null,null,null,1,0],[1,120,-125,0]],[13,"content",33554432,[[2,-23,[0,"52T6tswJ9EE7mQRRR0wwkQ"],[5,600,15],[0,0.5,1]],[9,40,220,-24,[0,"24ANcWOs5E85v0o3GlTk87"]],[30,1,3,10,15,10,-25,[0,"dfGy47L4NE7ZjHsNdJRbcX"]]],[1,"edmgZ6hBlJC4HGqKPqyuZR",null,null,null,1,0]],[14,"view",33554432,[4],[[2,-26,[0,"b0dXvRzSJB7rtuAuRKq/NG"],[5,600,660],[0,0.5,1]],[31,-27,[0,"0bdjKgJpdAK6HPRhQHarHl"]],[32,-28,[0,"28ujA2YstGeLGkNM/Y4gqS"],[4,16777215]],[22,45,16.325000000000045,240,250,-29,[0,"8amXhTUypBSpMSy+SRw7ug"]]],[1,"6fwCcRsctBbITsUwbRc8Xb",null,null,null,1,0]],[5,"bg",33554432,1,[[4,-30,[0,"7aCdwbOzBLXZhBPjHbKLry"],[5,720,1280]],[28,false,0,-31,[0,"80lBxnbqFOP4JzdJtXi6dI"],0],[8,45,750,1624,-32,[0,"c1eMYdu6dNS5vOmNEj+25t"]],[26,true,-33,[0,"48KSQvh2ZK84PlHO/taPJ0"]]],[1,"3aSkgsPXBIt64BJbXFPfS0",null,null,null,1,0]],[17,"ScrollView",33554432,2,[3,5],[[[2,-34,[0,"3fO0kYeIxIdKLfvDiBEw+V"],[5,600,676.325],[0,0.5,1]],-35],4,1],[1,"7bbF0siF5Ip5BGyh4XSHwS",null,null,null,1,0]],[3,"tags",33554432,2,[-38,-39],[[2,-36,[0,"4c3RqC9fhB4Ip2GWKvhAGC"],[5,720,100],[0,0.5,0]],[9,40,100,-37,[0,"06fesYZCFGY7D2NYeAHhUh"]]],[1,"e4kycO+HhPTaVOb0smW+tV",null,null,null,1,0],[1,0,-10.538,0]],[3,"btn_shop_arms",33554432,8,[-43],[[2,-40,[0,"70daVHAhVACKKG8afho1Wg"],[5,291,92],[0,0.5,0]],[6,-41,[0,"4cVOn15cFFsLOJVHIJzA6W"],4],[33,3,-42,[0,"1eUZodkg5MXpb2FhoGY/hl"],5]],[1,"90wGWDIPJFPqu+d1NmhzQC",null,null,null,1,0],[1,-144.078,0,0]],[3,"backBtn",33554432,1,[-47],[[19,-44,[0,"5eyee6TbBJX44dfFvpu7IZ"]],[34,3,-45,[0,"edRJ5eLbJAkY6BeNPlGbUG"],[[35,"dafa76sXLFFib0YPRoCAjtY","onCloseClick",1]]],[27,3,4,-46,[0,"0afo4H10hC+K2EUNK4h7Il"]]],[1,"46f27FlONJW5LcmYxNdTOL",null,null,null,1,0],[1,310,250,0]],[3,"btn_shop_expect",33554432,8,[-50],[[2,-48,[0,"b1N4pSlNFM4JcMCw2Kr/0J"],[5,290,74],[0,0.5,0]],[6,-49,[0,"e68sKYmlVLga5gOwcoRP5f"],7]],[1,"c0dIgzeD5MhrPUFTCr77G0",null,null,null,1,0],[1,138.685,0,0]],[15,"frame_shop",33554432,2,[[2,-51,[0,"65j0/Lu5RDiY9C8LHn/WYk"],[5,720,828],[0,0.5,1]],[10,1,0,-52,[0,"8enPy/a4ZMl4qHricLJGAg"],1]],[1,"8f9AYUpOBNlqtsAc8Jk6tV",null,null,null,1,0],[1,0,16.945,0],[1,0.9,0.9,1]],[18,"bar",33554432,3,[[[2,-53,[0,"c3JVAzN8xCNJMwzmAtvUxd"],[5,10,156.25],[0,0,0]],-54],4,1],[1,"eaBb0hzHlJK4wetVRnGvBZ",null,null,null,1,0],[1,-11,-31.25,0]],[7,"Label",33554432,9,[[4,-55,[0,"53g5tgl/JIVK6s1S2a/9JS"],[5,188.43499460471537,60.7]],[36,"Weapon",45,45,45,false,true,true,-56,[0,"e3jRQn2oxLhrbzXoSljfug"],3]],[1,"62AOhr5V5MGoT7x7zmcLW6",null,null,null,1,0],[1,0,42,0]],[7,"Label",33554432,11,[[4,-57,[0,"5e3GzdkYZH9JVA1gtPSrEZ"],[5,145.14221607007684,54.4]],[37,"Expect",40,false,true,true,-58,[0,"d9L+KEvTpK7qBFGFBin+gd"],[4,4287598479],6]],[1,"3bDcN+iZZNtpp4rNIrpFwo",null,null,null,1,0],[1,0,35,0]],[5,"ic_shop_back",33554432,10,[[4,-59,[0,"61A1K0FrxI3pFS0KbGVBjr"],[5,64,57]],[6,-60,[0,"534AQXt4BLU4/29H84IM10"],8]],[1,"b49sMSn35JlbSg1jlR9Z7e",null,null,null,1,0]],[29,1,0,13,[0,"c4ZnWby/ZDs6PQeuXZMZCQ"]],[38,1,3,[0,"3dq2qWJlNMroROakRLC9/x"],17],[39,0.23,0.75,false,7,[0,"6blWtY9ItIYoRF5tcX4d1g"],4,18],[5,"DelayShowInsert",33554432,1,[[40,-61,[0,"9eKmQStFdIF7lFtj+zMulE"]]],[1,"42eGzZf95JpJ4x3Mokbg7P",null,null,null,1,0]],[5,"DelayShowInsert-001",33554432,1,[[41,4,-62,[0,"d51j4m4OtDQpOvba9X5SCe"]]],[1,"22ohcYjPJOCqMFD3UXCsLw",null,null,null,1,0]]],0,[0,5,1,0,0,1,0,0,1,0,6,4,0,0,1,0,0,1,0,-1,6,0,-2,2,0,-3,10,0,-4,20,0,-5,21,0,0,2,0,0,2,0,0,2,0,-1,12,0,-2,7,0,-3,8,0,0,3,0,0,3,0,0,3,0,-4,18,0,-1,13,0,0,4,0,0,4,0,0,4,0,0,5,0,0,5,0,0,5,0,0,5,0,0,6,0,0,6,0,0,6,0,0,6,0,0,7,0,-2,19,0,0,8,0,0,8,0,-1,9,0,-2,11,0,0,9,0,0,9,0,0,9,0,-1,14,0,0,10,0,0,10,0,0,10,0,-1,16,0,0,11,0,0,11,0,-1,15,0,0,12,0,0,12,0,0,13,0,-2,17,0,0,14,0,0,14,0,0,15,0,0,15,0,0,16,0,0,16,0,0,20,0,0,21,0,7,1,3,2,7,4,2,5,5,2,7,18,8,19,62],[0,0,0,0,0,0,0,0,0,0,17],[1,1,1,4,1,9,4,1,1,10,1],[3,4,5,0,1,1,0,6,7,8,9]],[[{"name":"default_scrollbar_vertical_bg","rect":{"x":0,"y":0,"width":15,"height":30},"offset":{"x":0,"y":0},"originalSize":{"width":15,"height":30},"rotated":false,"capInsets":[4,10,4,10],"vertices":{"rawPosition":[-7.5,-15,0,7.5,-15,0,-7.5,15,0,7.5,15,0],"indexes":[0,1,2,2,1,3],"uv":[0,30,15,30,0,0,15,0],"nuv":[0,0,1,0,0,1,1,1],"minPos":{"x":-7.5,"y":-15,"z":0},"maxPos":{"x":7.5,"y":15,"z":0}},"packable":true,"pixelsToUnit":100,"pivot":{"x":0.5,"y":0.5},"meshType":0}],[6],0,[0],[3],[10]]]]
