[1,["a7Z70BiadDRYuJxkW9iieS@f9941","a7Z70BiadDRYuJxkW9iieS@6c48a"],["spriteFrame","_textureSource"],["cc.SpriteFrame",["cc.LabelAtlas",["_name","fontSize","fntConfig"],0]],[[1,0,1,2,4]],[[[[0,"number_gold_btn",31.68,{"commonHeight":36,"fontSize":31,"atlasName":"number_gold_btn","fontDefDictionary":{"48":{"xOffset":0,"yOffset":0,"xAdvance":36,"rect":{"x":0,"y":0,"width":36,"height":36}},"49":{"xOffset":0,"yOffset":0,"xAdvance":36,"rect":{"x":36,"y":0,"width":36,"height":36}},"50":{"xOffset":0,"yOffset":0,"xAdvance":36,"rect":{"x":72,"y":0,"width":36,"height":36}},"51":{"xOffset":0,"yOffset":0,"xAdvance":36,"rect":{"x":108,"y":0,"width":36,"height":36}},"52":{"xOffset":0,"yOffset":0,"xAdvance":36,"rect":{"x":144,"y":0,"width":36,"height":36}},"53":{"xOffset":0,"yOffset":0,"xAdvance":36,"rect":{"x":180,"y":0,"width":36,"height":36}},"54":{"xOffset":0,"yOffset":0,"xAdvance":36,"rect":{"x":216,"y":0,"width":36,"height":36}},"55":{"xOffset":0,"yOffset":0,"xAdvance":36,"rect":{"x":252,"y":0,"width":36,"height":36}},"56":{"xOffset":0,"yOffset":0,"xAdvance":36,"rect":{"x":288,"y":0,"width":36,"height":36}},"57":{"xOffset":0,"yOffset":0,"xAdvance":36,"rect":{"x":324,"y":0,"width":36,"height":36}}},"kerningDict":{}}]],0,0,[0],[0],[0]],[[{"name":"number_gold_btn","rect":{"x":5,"y":4,"width":351,"height":29},"offset":{"x":0.5,"y":-0.5},"originalSize":{"width":360,"height":36},"rotated":false,"capInsets":[0,0,0,0],"vertices":{"rawPosition":[-175.5,-14.5,0,175.5,-14.5,0,-175.5,14.5,0,175.5,14.5,0],"indexes":[0,1,2,2,1,3],"uv":[5,32,356,32,5,3,356,3],"nuv":[0.013888888888888888,0.08333333333333333,0.9888888888888889,0.08333333333333333,0.013888888888888888,0.8888888888888888,0.9888888888888889,0.8888888888888888],"minPos":{"x":-175.5,"y":-14.5,"z":0},"maxPos":{"x":175.5,"y":14.5,"z":0}},"packable":true,"pixelsToUnit":100,"pivot":{"x":0.5,"y":0.5},"meshType":0}],[0],0,[0],[1],[1]]]]
