[1,["94DWfWlwNEq4wwZLWXE8hS@f9941","94DWfWlwNEq4wwZLWXE8hS@6c48a"],["spriteFrame","_textureSource"],["cc.SpriteFrame",["cc.LabelAtlas",["_name","fontSize","fntConfig"],0]],[[1,0,1,2,4]],[[[[0,"sign_font",19.36,{"commonHeight":22,"fontSize":19,"atlasName":"fonr_sign","fontDefDictionary":{"48":{"xOffset":0,"yOffset":0,"xAdvance":22,"rect":{"x":0,"y":0,"width":22,"height":22}},"49":{"xOffset":0,"yOffset":0,"xAdvance":22,"rect":{"x":22,"y":0,"width":22,"height":22}},"50":{"xOffset":0,"yOffset":0,"xAdvance":22,"rect":{"x":44,"y":0,"width":22,"height":22}},"51":{"xOffset":0,"yOffset":0,"xAdvance":22,"rect":{"x":66,"y":0,"width":22,"height":22}},"52":{"xOffset":0,"yOffset":0,"xAdvance":22,"rect":{"x":88,"y":0,"width":22,"height":22}},"53":{"xOffset":0,"yOffset":0,"xAdvance":22,"rect":{"x":110,"y":0,"width":22,"height":22}},"54":{"xOffset":0,"yOffset":0,"xAdvance":22,"rect":{"x":132,"y":0,"width":22,"height":22}},"55":{"xOffset":0,"yOffset":0,"xAdvance":22,"rect":{"x":154,"y":0,"width":22,"height":22}},"56":{"xOffset":0,"yOffset":0,"xAdvance":22,"rect":{"x":176,"y":0,"width":22,"height":22}},"57":{"xOffset":0,"yOffset":0,"xAdvance":22,"rect":{"x":198,"y":0,"width":22,"height":22}}},"kerningDict":{}}]],0,0,[0],[0],[0]],[[{"name":"fonr_sign","rect":{"x":3,"y":2,"width":214,"height":17},"offset":{"x":0,"y":0.5},"originalSize":{"width":220,"height":22},"rotated":false,"capInsets":[0,0,0,0],"vertices":{"rawPosition":[-107,-8.5,0,107,-8.5,0,-107,8.5,0,107,8.5,0],"indexes":[0,1,2,2,1,3],"uv":[3,20,217,20,3,3,217,3],"nuv":[0.013636363636363636,0.13636363636363635,0.9863636363636363,0.13636363636363635,0.013636363636363636,0.9090909090909091,0.9863636363636363,0.9090909090909091],"minPos":{"x":-107,"y":-8.5,"z":0},"maxPos":{"x":107,"y":8.5,"z":0}},"packable":true,"pixelsToUnit":100,"pivot":{"x":0.5,"y":0.5},"meshType":0}],[0],0,[0],[1],[1]]]]
