[1,["76qzdUjPZHrrho0jV6Cuo2","66o+Yw94NJJYSyE36EfSje@f9941","3dCaj4gVFGZ5+/xK9Lcu32","99DQzwAjRCr4j9TVYHAzse@f9941","db1uA7U2ZKhqmhCIfjTFIH@f9941","14sYjk+WRNIqtI3KWzO2S3@f9941","6dTLGv435BCYkDcuIqyCsO@f9941","95aP2NdKdJ/p3lC9vDcle0@f9941","c0VDa8aoZLUo0zv2eKx6Ch@f9941","d0Ke2u9tZCdZlbTKwZquqm@f9941","67ULfoGpxEWIJwWW9eLjvR@f9941","c1K7B+3fpK2ozL7MmX7P27@f9941","a2U9AqebFITqXzrCr1PklJ@f9941","20g1ukYUVPvKWKBRznAKo+@6c48a","53zxOZpxVGZ49F6RQKkzwC@6c48a","54TknWPwVPqJqeCR+Y/Czo@6c48a","53zxOZpxVGZ49F6RQKkzwC@f9941","aeQIljfORMCqmKRNnOHpXB@f9941","9bT5M1aJFG4KWSjI/inwA9@f9941","f0nOTjGYtD3ZHauVCPvZFM@f9941","ccva88R+dK6pHFiQ4K0emh@f9941","ebvS97cjNMAqdrb3azs9An@f9941","08+391VZ9NN7Ltzsh4HQrh@f9941","e78v6Ow+dLao1LbHrCQclv@f9941","20g1ukYUVPvKWKBRznAKo+@f9941","54TknWPwVPqJqeCR+Y/Czo@f9941","95EkngnxZFbYuFpsqVTaFr@f9941","b15YnTyw9Lo7MbgKFLHI0h@f9941","7eM/5ohE1CDZdGKXv2Bn0M@f9941","95EkngnxZFbYuFpsqVTaFr@6c48a","a2U9AqebFITqXzrCr1PklJ@6c48a","e78v6Ow+dLao1LbHrCQclv@6c48a"],["node","_spriteFrame","_font","_normalSprite","_textureSource","target","costLabel","propLabel","_parent","root","lvLabel","bgOpacity","uiLoading","gameAdBtn","finger","privacyBtn","touchMask","panel","onLineAward","_target","title","data","_hoverSprite","_pressedSprite","_disabledSprite"],[["cc.Node",["_name","_layer","_active","_objFlags","_components","_prefab","_parent","_lpos","_children","_lscale"],-1,9,4,1,5,2,5],["cc.Widget",["_alignFlags","_top","_bottom","_originalWidth","_originalHeight","_right","_left","node","__prefab"],-4,1,4],["cc.Label",["_string","_actualFontSize","_fontSize","_isSystemFontUsed","_spacingX","_enableOutline","_lineHeight","_isBold","_isUnderline","node","__prefab","_color","_font"],-6,1,4,5,6],"cc.SpriteFrame",["cc.Sprite",["_sizeMode","_enabled","node","__prefab","_spriteFrame","_color"],1,1,4,6,5],["cc.UITransform",["node","__prefab","_contentSize","_anchorPoint"],3,1,4,5,5],["cc.Button",["_transition","node","__prefab","clickEvents","_normalSprite","_normalColor","_target","_hoverSprite","_pressedSprite","_disabledSprite"],2,1,4,9,6,5,1,6,6,6],["cc.Node",["_name","_layer","_parent","_components","_prefab","_lscale","_lpos"],1,1,12,4,5,5],["9fec2GLM/NGu5p/U23Z+jNx",["propType","node","__prefab","propLabel","costLabel"],2,1,4,1,1],["cc.Prefab",["_name"],2],["cc.CompPrefabInfo",["fileId"],2],["15c100s/PdETZRmwa9nbZ9h",["node","__prefab","panel","touchMask","privacyBtn","finger","gameAdBtn","uiLoading","bgOpacity","lvLabel"],3,1,4,1,1,1,1,1,1,1,1],["29860Ih1l5FuaXZCvRJV/Va",["node","__prefab"],3,1,4],["cc.PrefabInfo",["fileId","instance","targetOverrides","nestedPrefabInstanceRoots","root","asset"],-1,1,1],["cc.ClickEvent",["_componentId","handler","target"],1,1],["294f6Gp3tZL54Z4UhFK7L8G",["enterDirection","easingType","node","__prefab"],1,1,4],["cade5H2Sz1Gp5KY2ZjWTIxf",["node","__prefab","onLineAward"],3,1,4,1],["cc.BlockInputEvents",["node","__prefab"],3,1,4],["4b2188WsOpGX4VUYilsYk1m",["node","__prefab","title"],3,1,4,1],["eec43f5GRxKeIEJ40QmLrui",["node","__prefab"],3,1,4],["5e318q15YRIfIR5hiM5Oirw",["node","__prefab"],3,1,4],["cc.UIOpacity",["node","__prefab"],3,1,4],["66539Zhk61N85+bszmls4R2",["adIdArr","node","__prefab"],2,1,4]],[[10,0,2],[13,0,1,2,3,4,5,5],[5,0,1,2,1],[4,2,3,4,1],[0,0,1,6,4,5,7,3],[0,0,1,6,8,4,5,7,3],[14,0,1,2,3],[0,0,1,6,4,5,3],[7,0,1,2,3,4,6,3],[6,0,1,2,3,4,2],[5,0,1,1],[1,0,6,5,1,3,7,8,6],[15,0,1,2,3,3],[2,0,1,2,3,5,9,10,12,6],[0,0,1,6,8,4,5,3],[1,0,3,4,7,8,4],[0,0,1,8,4,5,7,3],[0,0,2,1,6,4,5,7,4],[4,0,2,3,5,4,2],[17,0,1,1],[2,0,1,2,3,4,9,10,11,6],[2,0,1,2,3,4,9,10,6],[0,0,1,6,4,5,7,9,3],[0,0,2,1,6,8,4,5,7,4],[5,0,1,2,3,1],[1,0,2,7,8,3],[1,0,5,1,7,8,4],[4,0,2,3,4,2],[8,0,1,2,3,4,2],[9,0,2],[0,0,1,8,4,5,3],[0,0,2,1,6,4,5,4],[0,0,2,1,6,4,5,7,9,4],[0,0,3,1,6,4,5,4],[7,0,1,2,3,4,5,3],[1,0,6,1,7,8,4],[1,7,8,1],[1,0,5,1,2,7,8,5],[1,0,1,2,4,7,8,5],[1,0,1,2,3,4,7,8,6],[11,0,1,2,3,4,5,6,7,8,9,1],[12,0,1,1],[4,0,2,3,5,2],[4,1,0,2,3,4,3],[4,2,3,5,4,1],[8,1,2,3,4,1],[6,0,1,2,3,5,6,4,7,8,9,2],[6,0,1,2,3,2],[16,0,1,2,1],[18,0,1,2,1],[19,0,1,1],[20,0,1,1],[2,0,1,2,7,8,9,10,6],[2,0,1,2,6,3,5,9,10,11,12,7],[2,0,1,2,3,9,10,5],[2,0,1,2,6,3,4,9,10,11,7],[21,0,1,1],[22,0,1,2,2]],[[[{"name":"default_btn_normal","rect":{"x":0,"y":0,"width":40,"height":40},"offset":{"x":0,"y":0},"originalSize":{"width":40,"height":40},"rotated":false,"capInsets":[12,12,12,12],"vertices":{"rawPosition":[-20,-20,0,20,-20,0,-20,20,0,20,20,0],"indexes":[0,1,2,2,1,3],"uv":[0,40,40,40,0,0,40,0],"nuv":[0,0,1,0,0,1,1,1],"minPos":{"x":-20,"y":-20,"z":0},"maxPos":{"x":20,"y":20,"z":0}},"packable":true,"pixelsToUnit":100,"pivot":{"x":0.5,"y":0.5},"meshType":0}],[3],0,[0],[4],[13]],[[{"name":"homebg","rect":{"x":0,"y":0,"width":622,"height":1345},"offset":{"x":0,"y":0},"originalSize":{"width":622,"height":1345},"rotated":false,"capInsets":[0,0,0,0],"vertices":{"rawPosition":[-311,-672.5,0,311,-672.5,0,-311,672.5,0,311,672.5,0],"indexes":[0,1,2,2,1,3],"uv":[0,1345,622,1345,0,0,622,0],"nuv":[0,0,1,0,0,1,1,1],"minPos":{"x":-311,"y":-672.5,"z":0},"maxPos":{"x":311,"y":672.5,"z":0}},"packable":true,"pixelsToUnit":100,"pivot":{"x":0.5,"y":0.5},"meshType":0}],[3],0,[0],[4],[14]],[[{"name":"default_btn_pressed","rect":{"x":0,"y":0,"width":40,"height":40},"offset":{"x":0,"y":0},"originalSize":{"width":40,"height":40},"rotated":false,"capInsets":[12,12,12,12],"vertices":{"rawPosition":[-20,-20,0,20,-20,0,-20,20,0,20,20,0],"indexes":[0,1,2,2,1,3],"uv":[0,40,40,40,0,0,40,0],"nuv":[0,0,1,0,0,1,1,1],"minPos":{"x":-20,"y":-20,"z":0},"maxPos":{"x":20,"y":20,"z":0}},"packable":true,"pixelsToUnit":100,"pivot":{"x":0.5,"y":0.5},"meshType":0}],[3],0,[0],[4],[15]],[[[29,"HomeUI"],[30,"HomeUI",33554432,[-14,-15,-16,-17,-18,-19],[[2,-2,[0,"9b0fSrMu5LMYmOKkk0/twf"],[5,720,1280]],[15,45,100,100,-3,[0,"c39vXLh6RP05j6SdDhY94z"]],[40,-12,[0,"53WC9EEDBPUY2E76XgcSTs"],-11,-10,-9,-8,-7,-6,-5,-4],[41,-13,[0,"62H//B7DpLKYudIr0h3Z5f"]]],[1,"12jq8QM8BN8r+zi8Ly53tx",null,null,null,-1,0]],[14,"panel",33554432,1,[-22,-23,-24,-25,-26,-27,-28,-29,-30,-31,-32,-33,-34,-35],[[2,-20,[0,"4d4XpkvSRKOYOSeqGMulZu"],[5,720,1280]],[15,45,100,100,-21,[0,"96mpHVWB1D0Lz2UC+oDAtO"]]],[1,"a6F7XHkAhAhIOFOIj2JGtv",null,null,null,1,0]],[16,"goldRate",33554432,[-43,-44,-45,-46,-47],[[2,-36,[0,"5f3Vp1KH9NjYBbdPN4xxlk"],[5,221,269]],[3,-37,[0,"c6MiFCtV9NY4wHhloVa5u3"],15],[28,1,-40,[0,"7fAxGTE01Asbeenkk4obao"],-39,-38],[9,3,-42,[0,"e5uvEOzbVMGIaiTM2zavqb"],[[6,"9fec2GLM/NGu5p/U23Z+jNx","onClick",-41]],16]],[1,"065+JG0PhEf5XaF1H5ClHI",null,null,null,1,0],[1,4.665,-1.796,0]],[16,"giant",33554432,[-55,-56,-57,-58,-59],[[2,-48,[0,"feu5r4rnpBir9HR+1O2TQ3"],[5,231,363]],[3,-49,[0,"c0ylPGwYxPz7xxitypbgle"],22],[28,2,-52,[0,"039S5r8p5ED6758EbVNxLZ"],-51,-50],[9,3,-54,[0,"5aI3v6ibBG55jhV4fRC9a8"],[[6,"9fec2GLM/NGu5p/U23Z+jNx","onClick",-53]],23]],[1,"93JCz/EcZOoaOjqGq0MwG8",null,null,null,1,0],[1,238.539,46.772,0]],[16,"roleNum",33554432,[-67,-68,-69,-70],[[2,-60,[0,"331AFBTyVAXoCw2xnopiJo"],[5,218,316]],[27,0,-61,[0,"7fgUFJOBhNpZ+C/wdinFXv"],8],[45,-64,[0,"67DlTgfpVCvKdk+D7Y1xfj"],-63,-62],[9,3,-66,[0,"328EYxSF1BXrr2rmm+27il"],[[6,"9fec2GLM/NGu5p/U23Z+jNx","onClick",-65]],9]],[1,"2aei7GnXBBUKrEHmSjAYhB",null,null,null,1,0],[1,-226.126,27.116,0]],[5,"onlineAwardBtn",33554432,2,[-78,-79],[[2,-71,[0,"29+cQCsupBFLzLNBNRE146"],[5,110,150]],[9,3,-73,[0,"1aVFERUidEPLWoorNmCzFu"],[[6,"cade5H2Sz1Gp5KY2ZjWTIxf","onShowOnLineAwardUI",-72]],35],[11,9,-10,20.057999999999993,135,110,-74,[0,"282Eq6tQVInbxwzH6agj8D"]],[12,3,4,-75,[0,"dfcKGBWx9AmpL8ACTeBXOU"]],[48,-77,[0,"76KFpAPVdGdbhRaRQuiKIP"],-76]],[1,"49bmv2JjxNYIMLHXxbddlP",null,null,null,1,0],[1,-315,430,0]],[5,"lvupProps",33554432,2,[5,3,4],[[2,-80,[0,"63ZfQkt7ZM9LpvAcwO4CMC"],[5,678,300]],[19,-81,[0,"9bs4rpFaJE27zVkucNUPWj"]],[25,4,150,-82,[0,"29z1ARXJZKW7dDWFrN3yTN"]]],[1,"d1AcgB9cZMNJsmLxDGjhhV",null,null,null,1,0],[1,0,-340,0]],[22,"gameAdBtn",33554432,2,[[2,-83,[0,"d6FnyerFRGpocvLuLUfiMK"],[5,96,65]],[27,0,-84,[0,"a9MHlQ40VF2q5VEeI39iL/"],40],[46,2,-86,[0,"9974Nnk2ZLn4vcPdVwgIUy"],[[6,"15c100s/PdETZRmwa9nbZ9h","onClickGameAdIcon",1]],[4,4292269782],-85,41,42,43,44],[35,9,10.281000000000006,607.5,-87,[0,"e4Tkyumt1N6LrTe5ZGZ3qS"]]],[1,"9aOGXaP81D1IXYiJ568Q00",null,null,null,1,0],[1,-349.719,32.5,0],[1,0,0,0]],[34,"bg",33554432,1,[[[2,-88,[0,"9dd/U0fLpCJIE2cMdW8M9M"],[5,622,1345]],[3,-89,[0,"fbW0CYaT1FkpLQVvisaeqd"],0],-90,[49,-92,[0,"7bBtwOKIRGcag5wAKK5pw9"],-91],[36,-93,[0,"3cXw7DnyBPVZi96R9j4j2R"]]],4,4,1,4,4],[1,"13V3hmRQBIHpokwQv27/OJ",null,null,null,1,0],[1,1.2,1.2,1]],[31,"touchMask",false,33554432,1,[[2,-94,[0,"59Sd7zbH9KH4cpQZFtmyPa"],[5,720,1280]],[15,45,478,218,-95,[0,"7cB9wZTDlODZM0YIFWQjyE"]],[19,-96,[0,"8bXI03I69JU7kxHnlv2lK+"]]],[1,"823SdpcQBAkIVs7XRRPU9k",null,null,null,1,0]],[5,"settingBtn",33554432,2,[-101],[[10,-97,[0,"8boBJxC99Ht7z2x4Z7Aqm1"]],[11,33,625.271,-10,45,100,-98,[0,"4c5VHE6cZKkqHpguXEDlE5"]],[9,3,-99,[0,"7c+t8GFNVG6In1fhdKJEi+"],[[6,"15c100s/PdETZRmwa9nbZ9h","onShowSettingUI",1]],3],[12,3,4,-100,[0,"41s3h0cKhOP5CmWyt3MkUJ"]]],[1,"b7f1R9YPlNYIkD8dpzQViP",null,null,null,1,0],[1,320,545,0]],[23,"privacyBtn",false,33554432,2,[-105],[[2,-102,[0,"b7530T1ZdM4Kt5EXS8OeNw"],[5,150,100]],[37,20,285,1179.681,0.31899999999996,-103,[0,"afaNtSRElLvaLDg5E6+7Lk"]],[47,3,-104,[0,"8aVn8thsJBg7StQLUuqkVH"],[[6,"15c100s/PdETZRmwa9nbZ9h","onShowPrivacyUI",1]]]],[1,"46uRdijzdIrrci9WvRodVw",null,null,null,1,0],[1,0,-589.681,0]],[5,"shopBtn",33554432,2,[-110],[[2,-106,[0,"bdOtfLE8FKorWgqzcyXBPW"],[5,110,150]],[9,3,-107,[0,"60jb+MkXxLR7B0Rxb3xFgz"],[[6,"15c100s/PdETZRmwa9nbZ9h","onShowShopUI",1]],27],[11,33,32.593999999999994,-10,265,60,-108,[0,"192brHrGBMg5jku51zDgX8"]],[12,4,4,-109,[0,"2fLdoXB9tDZK+hA6gHAgr0"]]],[1,"6fD9HzihxP2r9VZiAE+Ycy",null,null,null,1,0],[1,315,300,0]],[5,"turnTableBtn",33554432,2,[-115],[[2,-111,[0,"8d/VWA04pCB6MV6ySyWPWC"],[5,110,150]],[9,3,-112,[0,"73s28Z7u9PAbufmXd4Ahkn"],[[6,"15c100s/PdETZRmwa9nbZ9h","onShowTurntableUI",1]],31],[11,33,32.593999999999994,-10,135,60,-113,[0,"94tyWd6cVL2pIxaTSC7aat"]],[12,4,4,-114,[0,"fb6tYuVy5MProbYrIGlhSA"]]],[1,"ecwkforB1DfpMtw5thmj72",null,null,null,1,0],[1,315,430,0]],[23,"signBtn",false,33554432,2,[-120],[[2,-116,[0,"02mYBcNchJfb1SyaRBj0SN"],[5,110,150]],[9,3,-117,[0,"ccxv9biyZK04aIoEXWxi4j"],[[6,"15c100s/PdETZRmwa9nbZ9h","onShowSignUI",1]],33],[11,9,-10,20.057999999999993,279.198,110,-118,[0,"c0WPSRwnlDf4rGBckASS2B"]],[12,3,4,-119,[0,"8flZrFpy1IrIvwSYbgoTze"]]],[1,"70bCF3RwNI45qYqZaJxuV5",null,null,null,1,0],[1,-315,285.802,0]],[5,"gold",33554432,5,[-123,-124],[[2,-121,[0,"982Bfa8HVIwZjUW1k4Pt3U"],[5,112,34]],[3,-122,[0,"b5po5LVetPHrkcBSWAYZqk"],7]],[1,"d8e4geydBMF4ZGUtlpmoym",null,null,null,1,0],[1,0,-104.52800000000002,0]],[5,"gold",33554432,3,[-127,-128],[[2,-125,[0,"4cKkuHZGRNW6yrPaY1A+mg"],[5,112,34]],[3,-126,[0,"fbCPrdOWBCYr2Bzry5FoYN"],14]],[1,"c7J7u6ww9INZtr6V4HG8qp",null,null,null,1,0],[1,0,-88.52800000000002,0]],[5,"gold",33554432,4,[-131,-132],[[2,-129,[0,"baFR9vMrBPaYxAS6yeTZwE"],[5,112,34]],[3,-130,[0,"3bKHpJBR1MRrVWAM/k9ezo"],21]],[1,"9f2UL1TdZJF6fzzS3cCQYL",null,null,null,1,0],[1,0,-124.93200000000002,0]],[5,"lvinfo",33554432,2,[-135,-136],[[10,-133,[0,"f5NkmamThEd4mDWG8fQKZR"]],[38,1,120.274,1059.726,100,-134,[0,"90czeKWthHra3z/JelbSzs"]]],[1,"fdXdLRSFZCCKPM3uz5V7HW",null,null,null,1,0],[1,0,469.726,0]],[5,"guide",33554432,2,[-138,-139],[[10,-137,[0,"b9pMnmlelP4JxKROx1CgXS"]]],[1,"2exwnlsoVM1onWh7xoFiXD",null,null,null,1,0],[1,0,88.029,0]],[14,"Loading",33554432,1,[-141,-142],[[10,-140,[0,"c3QQJPVihEXa+TxP4Nchbt"]]],[1,"20jw7edpJJ+pE40g8k9x0z",null,null,null,1,0]],[7,"bg",33554432,2,[[2,-143,[0,"2aO4j0l8pBeqgo0c+3oT9n"],[5,720,1280]],[42,0,-144,[0,"abwEyXTIpJipxWWz43R5Hu"],[4,4282532418]],[15,45,750,1624,-145,[0,"7deeUftchH9ofSfQvAGGKT"]]],[1,"2e8MvMipVASLv2Mkdlnb2U",null,null,null,1,0]],[4,"startBtn",33554432,2,[[2,-146,[0,"19UGNwHVtHZ6L4ZPDdZiIe"],[5,720,761.9989999999998]],[43,false,0,-147,[0,"2bhmka48VGLJzeLrHO0z6N"],1],[39,45,295.5670000000001,222.4340000000001,300,127.99999999999989,-148,[0,"50ac8POm1G2JH5owVB9d2Z"]]],[1,"35Kg5BBOdDkbCQywXbl3jw",null,null,null,1,0],[1,0,-36.56650000000002,0]],[14,"ic_home_arms",33554432,13,[-151],[[2,-149,[0,"e4rpQFWRJJVJqREYE5Lt2Z"],[5,103,128]],[3,-150,[0,"3f+TfWZMJEi6NIQMOknCqn"],26]],[1,"20Oq9PNzVJy5RCEf6MgiEn",null,null,null,1,0]],[5,"Sprite",33554432,24,[-154],[[2,-152,[0,"baUKvrMLFIL5RfKNJVeGQ6"],[5,70,25]],[18,0,-153,[0,"37/iM5IQBBrKl1j45EI9ak"],[4,4293717485],25]],[1,"bel7bvJTZJVp9F8bUYBzBr",null,null,null,1,0],[1,0,-44.655,0]],[14,"ic_home_arms",33554432,14,[-157],[[2,-155,[0,"c0idoLEq1Ch6wjD8vC4SIN"],[5,103,100]],[3,-156,[0,"0cqBupaalAC63Wl0lE4xbN"],30]],[1,"c12sib/zZPtZjKANc8Vh4b",null,null,null,1,0]],[5,"Sprite",33554432,26,[-160],[[2,-158,[0,"1b4a85ezJK6L1m5DEFKTOD"],[5,70,25]],[18,0,-159,[0,"7aA/fqwi5O6o9feMcRBtUK"],[4,4293717485],29]],[1,"38HhmAqm5M3LqmqGVZLT6E",null,null,null,1,0],[1,0,-30,0]],[4,"img_home_finger",33554432,20,[[2,-161,[0,"6by1e0xlpFVps4iEZNnbVT"],[5,119,114]],[3,-162,[0,"730+yrrC9Or6Hsalhh7dOc"],38],[50,-163,[0,"55dCk35gVDqqPtyEcIDskP"]]],[1,"bf5nu1hgZBoJ0Wd+16Piti",null,null,null,1,0],[1,0,-58.846,0]],[22,"Sprite",33554432,2,[[2,-164,[0,"ecTw6TgIdOcb/sG69T3NH5"],[5,190,228]],[3,-165,[0,"e4pH+1T1hOx6TBVOClIwkP"],39],[26,33,5.343999999999994,444.682,-166,[0,"19+QcEd4BCv5yhx17OhPJP"]]],[1,"e5M0cKD3ZE4qmAT3zSmKKH",null,null,null,1,0],[1,354.656,195.31799999999998,0],[1,0,0,0]],[32,"Crazy",false,33554432,2,[[2,-167,[0,"8dBt/V5/ZDY7jNM7gb+bCY"],[5,220,250]],[3,-168,[0,"84R5SHLK9PF6AIZgpR6gHp"],45],[25,4,17.5,-169,[0,"68BjOwUeBCF49eqrCh9sv2"]]],[1,"a8QqGW8ZdH3buqIR6MSQiI",null,null,null,1,0],[1,0,-560,0],[1,0.5,0.5,1]],[4,"ModelGrid1x1",33554432,1,[[51,-170,[0,"8eNFf2rHRGxbjs0eBjIm8x"]],[10,-171,[0,"0fQzdXVUlBkJD6hC57RV/z"]],[26,33,5.394999999999953,131.791,-172,[0,"0c6lki7+xGBa9AYvcwamq7"]]],[1,"97MWFRKbRDGoLAehc8Bq3i",null,null,null,1,0],[1,304.605,458.209,0]],[7,"Mask",33554432,21,[[2,-173,[0,"1bQJ5mXsxCqK5YyBQiBERz"],[5,5000,5000]],[18,0,-174,[0,"cdPVgOuRxKlZTd7piyxSEz"],[4,2348810240],46],[19,-175,[0,"c8yCRrRnNDwY9icwfbu0Ah"]]],[1,"d69aGMeKVHnYgxkXQyHCao",null,null,null,1,0]],[4,"ic_home_set",33554432,11,[[2,-176,[0,"80YYxUhI5OrKgNzdSkoaNx"],[5,74,72]],[3,-177,[0,"60v0ZM7NxH67o+tTsZRh4Y"],2]],[1,"1eSIQfVAFOq7wKGGydFPD6",null,null,null,1,0],[1,-4.972,0,0]],[33,"Label",512,33554432,12,[[2,-178,[0,"09H4BaHapI7abMy9bVk7p6"],[5,106.7578125,50.4]],[52,"Privacy",30,30,true,true,-179,[0,"07xIDY6HFMUJwzbUWAXFWJ"]]],[1,"67DkM380BDC7qujRJf2Jjj",null,null,null,1,0]],[4,"Label",33554432,5,[[2,-180,[0,"41mKxH2S1FxZtZMrs2h3Nl"],[5,149.5299072265625,54.4]],[13,"Team Size",30,30,false,true,-181,[0,"cfAW06VNFE9IyJV5W22eHy"],4]],[1,"edgONMdJVLELfSjAPQMLhT",null,null,null,1,0],[1,0,-51,0]],[8,"propLabel",33554432,5,[[[2,-182,[0,"5aIOZvIdNEt6cOhSyjnkdc"],[5,57.45,40]],-183],4,1],[1,"cetOHzBTxMfaalxnCB/IAW",null,null,null,1,0],[1,-68.247,32.54,0]],[17,"videoIco",false,33554432,5,[[2,-184,[0,"110CdqUqNLEY+NwNGiWuQq"],[5,43,35]],[3,-185,[0,"c7vBEPWXFI/KNT1tMdsptS"],5]],[1,"89TMv/BbRPl5gsh9npFQkD",null,null,null,1,0],[1,1.0370000000000061,-104.52800000000002,0]],[4,"moneyIcon",33554432,16,[[2,-186,[0,"151AN3KLJMc5X2w3iILgKY"],[5,42,43]],[3,-187,[0,"c48Ckg7/1Nq7bhqCAY2R94"],6]],[1,"42Pvq1fglE24QkzBbd42b+",null,null,null,1,0],[1,-44.557,0,0]],[8,"costLabel",33554432,16,[[[2,-188,[0,"c37ar9QfVEIKmH9G/Eqq8z"],[5,38.64,40]],-189],4,1],[1,"b3FjeuVZBHUbYHI1JIwYRG",null,null,null,1,0],[1,5.181,1,0]],[4,"Label",33554432,3,[[2,-190,[0,"90ge336kVDIbP9gWO3Qq9V"],[5,167.16995239257812,54.4]],[13,"Gold Bonus",30,30,false,true,-191,[0,"6dausXLvNMI7u8f0ioLFdi"],10]],[1,"76G36eG7JBoZlKhZ2Eq7P8",null,null,null,1,0],[1,0,-35,0]],[4,"font_home_level",33554432,3,[[2,-192,[0,"55j1qodGREA4lydeGm+2Nf"],[5,63,28]],[3,-193,[0,"00a5ORPYJFf5EI1eLvDbtG"],11]],[1,"78mLED1vZHTbACH9pZcJdM",null,null,null,1,0],[1,-63.635,47.727,0]],[8,"propLabel",33554432,3,[[[24,-194,[0,"b0ZNcZbotB54X0XYUyBrL6"],[5,32.73,40],[0,0,0.5]],-195],4,1],[1,"caQQfRJ+9OtYu4twzBOAGt",null,null,null,1,0],[1,-26.987,50.897,0]],[17,"videoIco",false,33554432,3,[[2,-196,[0,"48x2uGRQNDia0LMrnuyCmg"],[5,43,35]],[3,-197,[0,"ad3A1utjhEMLmX1J1DxT9t"],12]],[1,"70HlTmxRtJT5QPLyFHot6P",null,null,null,1,0],[1,1.0369999999999777,-88.52800000000002,0]],[4,"moneyIcon",33554432,17,[[2,-198,[0,"beviZbbcBFgqx8CbPNO0Bm"],[5,42,43]],[3,-199,[0,"39AxxADJFKvrs5mdfUuQsi"],13]],[1,"fbMY+oJSNKh6Mz0dY+aXJI",null,null,null,1,0],[1,-44.557,0,0]],[8,"costLabel",33554432,17,[[[2,-200,[0,"a3A2ewEaFIE6GSBgXtCVSF"],[5,38.64,40]],-201],4,1],[1,"793aKpO29L0YFbO+MwEnoA",null,null,null,1,0],[1,5.181,1,0]],[4,"Label",33554432,4,[[2,-202,[0,"edmfmpSiRAZ7LNNgSsotgQ"],[5,180.33990478515625,54.4]],[13,"Giant Power",30,30,false,true,-203,[0,"72PXONylpFpq4glICPQU3n"],17]],[1,"06+59sZhtGLKVk2IIQ9Zes",null,null,null,1,0],[1,0,-71,0]],[4,"font_home_level",33554432,4,[[2,-204,[0,"d9EwN31lxJbrphjeGNojlp"],[5,63,28]],[3,-205,[0,"e2QIA4qqFAm74FiP3rpNUn"],18]],[1,"c0mNiCaG5NfaDMrNDzFK5T",null,null,null,1,0],[1,-63.635,11.014,0]],[8,"propLabel",33554432,4,[[[24,-206,[0,"28VNhhBiBBt6fkRRV1bDki"],[5,32.73,40],[0,0,0.5]],-207],4,1],[1,"e9Rx/vmgJEJZfitxeKdidv",null,null,null,1,0],[1,-29.087,14.184,0]],[17,"videoIco",false,33554432,4,[[2,-208,[0,"43//Zwm6pB1a3dR8HyQzDO"],[5,43,35]],[3,-209,[0,"41t/NcWHNMZK48IA/WoCir"],19]],[1,"7a+zEyGKBFC5iemiCPper+",null,null,null,1,0],[1,1.0370000000000346,-124.93200000000002,0]],[4,"moneyIcon",33554432,18,[[2,-210,[0,"dbZRzXBiFAFb+H1L7nuCZ2"],[5,42,43]],[3,-211,[0,"8dM/lAhF1L+Kh0CLZaepBy"],20]],[1,"c1FaEl2tVG5YNiXMdRqOHP",null,null,null,1,0],[1,-44.557,0,0]],[8,"costLabel",33554432,18,[[[2,-212,[0,"2c9tByAuRK95Z69A6sKjiB"],[5,38.64,40]],-213],4,1],[1,"a2jwzO/AJBg7mmQ0wy+MvH",null,null,null,1,0],[1,5.181,1,0]],[4,"Label",33554432,25,[[2,-214,[0,"23gybBuflDgL60iQjXPI3z"],[5,51.39997863769531,54.4]],[13,"Shop",20,20,false,true,-215,[0,"53pzk77UJNHb9gJ0FUwVa7"],24]],[1,"716IrQQ0dEGpWWyLa9ngON",null,null,null,1,0],[1,0,2.5,0]],[4,"Label",33554432,27,[[2,-216,[0,"a9HDEiGE5BoKJngTT88pKD"],[5,44.51997375488281,54.4]],[13,"Spin",20,20,false,true,-217,[0,"5ak7c28VlJ+bvA2Z9w8M7n"],28]],[1,"c5FVEVdYZPGp/ZEakj7Xkl",null,null,null,1,0],[1,0,2.5,0]],[7,"ic_home_arms",33554432,15,[[2,-218,[0,"3bzipRcrJAnq1SiKvmoyyx"],[5,102,98]],[3,-219,[0,"923VePx6NDz75WLO7fIXmb"],32]],[1,"03kk2gon1APZeFKxF4OQEH",null,null,null,1,0]],[7,"ic_home_arms",33554432,6,[[2,-220,[0,"84CJBSpetHJZ25IQGejnKf"],[5,102,101]],[3,-221,[0,"d9xQatwsBMRZUawGSgARJt"],34]],[1,"32OnmW8UJEqIIFFkOdcSwA",null,null,null,1,0]],[8,"Label",33554432,6,[[[2,-222,[0,"f3PA5C2OZNOLUvfcbb6Yz/"],[5,36.36,40]],-223],4,1],[1,"1a9zNcerJOz6T0JKeI1QKp",null,null,null,1,0],[1,0,-23.908,0]],[8,"Label",33554432,19,[[[2,-224,[0,"13nuFuttFJIqsu34M/TDZc"],[5,171.82,100]],-225],4,1],[1,"88sOBMe1ZKdYDDh2A+LYne",null,null,null,1,0],[1,0,-111.921,0]],[7,"Label-001",33554432,19,[[2,-226,[0,"f8HU9viYVHW42UfuEHlIyN"],[5,230.30996704101562,92.2]],[53,"LEVEL",70,70,70,false,true,-227,[0,"89I+kPEdhJk4M6gIKzxtbR"],[4,4280088063],36]],[1,"90uOvtNZZNYKqDqB/7FtjB",null,null,null,1,0]],[7,"img_line",33554432,20,[[2,-228,[0,"d6DAD0NY5ASrlKxypY9C/D"],[5,476,88]],[44,-229,[0,"37RWiXKlxEaowO/6qCMW1u"],[4,2063597567],37]],[1,"19k8x19+ZAcboxVhrRZ0Qz",null,null,null,1,0]],[7,"Rotate",33554432,21,[[2,-230,[0,"70FxYL0sxK/6gEZDyd4AOE"],[5,130,128]],[3,-231,[0,"27gIMUSOVOf5Rynmbiwwb5"],47]],[1,"8a4EHREH5Bzok5Apb5fAtS",null,null,null,1,0]],[56,9,[0,"96YgsEy99Ne7SntimRh5WD"]],[20,"88",36,36,false,-8,36,[0,"eeTetE8C9GvY5P6OlSuo1L"],[4,4280088063]],[21,"88",24,24,false,-5,39,[0,"257MhpuhNKOqwZ0k7BCkR4"]],[20,"5",36,36,false,-8,42,[0,"b2yZg6gjBFjbpQs3/Zqc3A"],[4,4280088063]],[21,"88",24,24,false,-5,45,[0,"15eV3Wi1JAD5mAt/cbk0Xr"]],[20,"5",36,36,false,-8,48,[0,"6akpU7vq1MPqtQsFbmVlUr"],[4,4280088063]],[21,"88",24,24,false,-5,51,[0,"cdHv1BV4hBXaNIzuWeYFvO"]],[54,"50",20,20,false,56,[0,"37mEA4ndVMPbtKboHv844x"]],[55,"55",100,100,100,false,-10,57,[0,"268NjvFC5N9ri1XDuRQfYd"],[4,4280088063]],[7,"ShowCustomAd",33554432,1,[[57,[4],-232,[0,"91BkrCZR5FlbMIR/L9rEcz"]]],[1,"31qUY3oOJHQ4dBhjdbKbSe",null,null,null,1,0]]],0,[0,9,1,0,0,1,0,0,1,0,10,69,0,11,61,0,12,21,0,13,8,0,14,20,0,15,12,0,16,10,0,17,2,0,0,1,0,0,1,0,-1,9,0,-2,2,0,-3,10,0,-4,70,0,-5,31,0,-6,21,0,0,2,0,0,2,0,-1,22,0,-2,23,0,-3,11,0,-4,12,0,-5,7,0,-6,13,0,-7,14,0,-8,15,0,-9,6,0,-10,19,0,-11,20,0,-12,29,0,-13,8,0,-14,30,0,0,3,0,0,3,0,6,65,0,7,64,0,0,3,0,5,3,0,0,3,0,-1,40,0,-2,41,0,-3,42,0,-4,43,0,-5,17,0,0,4,0,0,4,0,6,67,0,7,66,0,0,4,0,5,4,0,0,4,0,-1,46,0,-2,47,0,-3,48,0,-4,49,0,-5,18,0,0,5,0,0,5,0,6,63,0,7,62,0,0,5,0,5,5,0,0,5,0,-1,35,0,-2,36,0,-3,37,0,-4,16,0,0,6,0,5,6,0,0,6,0,0,6,0,0,6,0,18,68,0,0,6,0,-1,55,0,-2,56,0,0,7,0,0,7,0,0,7,0,0,8,0,0,8,0,19,8,0,0,8,0,0,8,0,0,9,0,0,9,0,-3,61,0,20,10,0,0,9,0,0,9,0,0,10,0,0,10,0,0,10,0,0,11,0,0,11,0,0,11,0,0,11,0,-1,33,0,0,12,0,0,12,0,0,12,0,-1,34,0,0,13,0,0,13,0,0,13,0,0,13,0,-1,24,0,0,14,0,0,14,0,0,14,0,0,14,0,-1,26,0,0,15,0,0,15,0,0,15,0,0,15,0,-1,54,0,0,16,0,0,16,0,-1,38,0,-2,39,0,0,17,0,0,17,0,-1,44,0,-2,45,0,0,18,0,0,18,0,-1,50,0,-2,51,0,0,19,0,0,19,0,-1,57,0,-2,58,0,0,20,0,-1,59,0,-2,28,0,0,21,0,-1,32,0,-2,60,0,0,22,0,0,22,0,0,22,0,0,23,0,0,23,0,0,23,0,0,24,0,0,24,0,-1,25,0,0,25,0,0,25,0,-1,52,0,0,26,0,0,26,0,-1,27,0,0,27,0,0,27,0,-1,53,0,0,28,0,0,28,0,0,28,0,0,29,0,0,29,0,0,29,0,0,30,0,0,30,0,0,30,0,0,31,0,0,31,0,0,31,0,0,32,0,0,32,0,0,32,0,0,33,0,0,33,0,0,34,0,0,34,0,0,35,0,0,35,0,0,36,0,-2,62,0,0,37,0,0,37,0,0,38,0,0,38,0,0,39,0,-2,63,0,0,40,0,0,40,0,0,41,0,0,41,0,0,42,0,-2,64,0,0,43,0,0,43,0,0,44,0,0,44,0,0,45,0,-2,65,0,0,46,0,0,46,0,0,47,0,0,47,0,0,48,0,-2,66,0,0,49,0,0,49,0,0,50,0,0,50,0,0,51,0,-2,67,0,0,52,0,0,52,0,0,53,0,0,53,0,0,54,0,0,54,0,0,55,0,0,55,0,0,56,0,-2,68,0,0,57,0,-2,69,0,0,58,0,0,58,0,0,59,0,0,59,0,0,60,0,0,60,0,0,70,0,21,1,3,8,7,4,8,7,5,8,7,232],[0,0,0,0,0,0,0,0,0,0,0,0,0,0,0,0,0,0,0,0,0,0,0,0,0,0,0,0,0,0,0,0,0,0,0,0,0,0,0,0,0,0,0,0,0,0,0,0,62,63,64,65,66,67,68,69],[1,1,1,3,2,1,1,1,1,3,2,1,1,1,1,1,3,2,1,1,1,1,1,3,2,1,1,3,2,1,1,3,1,3,1,3,2,1,1,1,1,3,22,23,24,1,1,1,2,2,2,2,2,2,2,2],[16,6,1,1,2,3,4,5,7,7,2,8,3,4,5,9,9,2,8,3,4,5,10,10,2,11,17,1,2,11,18,1,19,1,20,1,2,21,22,23,12,12,24,25,26,27,6,28,0,0,0,0,0,0,0,0]],[[{"name":"default_btn_disabled","rect":{"x":0,"y":0,"width":40,"height":40},"offset":{"x":0,"y":0},"originalSize":{"width":40,"height":40},"rotated":false,"capInsets":[12,12,12,12],"vertices":{"rawPosition":[-20,-20,0,20,-20,0,-20,20,0,20,20,0],"indexes":[0,1,2,2,1,3],"uv":[0,40,40,40,0,0,40,0],"nuv":[0,0,1,0,0,1,1,1],"minPos":{"x":-20,"y":-20,"z":0},"maxPos":{"x":20,"y":20,"z":0}},"packable":true,"pixelsToUnit":100,"pivot":{"x":0.5,"y":0.5},"meshType":0}],[3],0,[0],[4],[29]],[[{"name":"gameAdIcon","rect":{"x":0,"y":0,"width":96,"height":65},"offset":{"x":0,"y":0},"originalSize":{"width":96,"height":65},"rotated":false,"capInsets":[0,0,0,0],"vertices":{"rawPosition":[-48,-32.5,0,48,-32.5,0,-48,32.5,0,48,32.5,0],"indexes":[0,1,2,2,1,3],"uv":[0,65,96,65,0,0,96,0],"nuv":[0,0,1,0,0,1,1,1],"minPos":{"x":-48,"y":-32.5,"z":0},"maxPos":{"x":48,"y":32.5,"z":0}},"packable":true,"pixelsToUnit":100,"pivot":{"x":0.5,"y":0.5},"meshType":0}],[3],0,[0],[4],[30]],[[{"name":"8+","rect":{"x":0,"y":0,"width":190,"height":228},"offset":{"x":0,"y":0},"originalSize":{"width":190,"height":228},"rotated":false,"capInsets":[0,0,0,0],"vertices":{"rawPosition":[-95,-114,0,95,-114,0,-95,114,0,95,114,0],"indexes":[0,1,2,2,1,3],"uv":[0,228,190,228,0,0,190,0],"nuv":[0,0,1,0,0,1,1,1],"minPos":{"x":-95,"y":-114,"z":0},"maxPos":{"x":95,"y":114,"z":0}},"packable":true,"pixelsToUnit":100,"pivot":{"x":0.5,"y":0.5},"meshType":0}],[3],0,[0],[4],[31]]]]
