[1,["1cLkReLudNOKmg5301ZdMr@6c48a","1cLkReLudNOKmg5301ZdMr@f9941"],["_textureSource","spriteFrame"],["cc.SpriteFrame",["cc.LabelAtlas",["_name","fontSize","fntConfig"],0]],[[1,0,1,2,4]],[[[{"name":"cost_font_gold","rect":{"x":4,"y":5,"width":193,"height":12},"offset":{"x":0.5,"y":-1},"originalSize":{"width":200,"height":20},"rotated":false,"capInsets":[0,0,0,0],"vertices":{"rawPosition":[-96.5,-6,0,96.5,-6,0,-96.5,6,0,96.5,6,0],"indexes":[0,1,2,2,1,3],"uv":[4,15,197,15,4,3,197,3],"nuv":[0.02,0.15,0.985,0.15,0.02,0.75,0.985,0.75],"minPos":{"x":-96.5,"y":-6,"z":0},"maxPos":{"x":96.5,"y":6,"z":0}},"packable":true,"pixelsToUnit":100,"pivot":{"x":0.5,"y":0.5},"meshType":0}],[0],0,[0],[0],[0]],[[[0,"cost_font_gold",17.6,{"commonHeight":20,"fontSize":17,"atlasName":"cost_font_gold","fontDefDictionary":{"48":{"xOffset":0,"yOffset":0,"xAdvance":20,"rect":{"x":0,"y":0,"width":20,"height":20}},"49":{"xOffset":0,"yOffset":0,"xAdvance":20,"rect":{"x":20,"y":0,"width":20,"height":20}},"50":{"xOffset":0,"yOffset":0,"xAdvance":20,"rect":{"x":40,"y":0,"width":20,"height":20}},"51":{"xOffset":0,"yOffset":0,"xAdvance":20,"rect":{"x":60,"y":0,"width":20,"height":20}},"52":{"xOffset":0,"yOffset":0,"xAdvance":20,"rect":{"x":80,"y":0,"width":20,"height":20}},"53":{"xOffset":0,"yOffset":0,"xAdvance":20,"rect":{"x":100,"y":0,"width":20,"height":20}},"54":{"xOffset":0,"yOffset":0,"xAdvance":20,"rect":{"x":120,"y":0,"width":20,"height":20}},"55":{"xOffset":0,"yOffset":0,"xAdvance":20,"rect":{"x":140,"y":0,"width":20,"height":20}},"56":{"xOffset":0,"yOffset":0,"xAdvance":20,"rect":{"x":160,"y":0,"width":20,"height":20}},"57":{"xOffset":0,"yOffset":0,"xAdvance":20,"rect":{"x":180,"y":0,"width":20,"height":20}}},"kerningDict":{}}]],0,0,[0],[1],[1]]]]
