[1,["1769c13e7@6c48a"],["_textureSource"],["cc.SpriteFrame"],0,[[[{"name":"IS_yanhua_00003","rect":{"x":3,"y":3,"width":200,"height":200},"offset":{"x":0,"y":0},"originalSize":{"width":200,"height":200},"rotated":false,"capInsets":[0,0,0,0],"packable":true,"pixelsToUnit":100,"pivot":{"x":0.5,"y":0.5},"meshType":0}],[0],0,[0],[0],[0]],[[{"name":"IS_yanhua_00005","rect":{"x":3,"y":209,"width":200,"height":200},"offset":{"x":0,"y":0},"originalSize":{"width":200,"height":200},"rotated":false,"capInsets":[0,0,0,0],"packable":true,"pixelsToUnit":100,"pivot":{"x":0.5,"y":0.5},"meshType":0}],[0],0,[0],[0],[0]],[[{"name":"IS_yanhua_00011","rect":{"x":3,"y":415,"width":200,"height":200},"offset":{"x":0,"y":0},"originalSize":{"width":200,"height":200},"rotated":false,"capInsets":[0,0,0,0],"packable":true,"pixelsToUnit":100,"pivot":{"x":0.5,"y":0.5},"meshType":0}],[0],0,[0],[0],[0]],[[{"name":"IS_yanhua_00012","rect":{"x":3,"y":621,"width":200,"height":200},"offset":{"x":0,"y":0},"originalSize":{"width":200,"height":200},"rotated":false,"capInsets":[0,0,0,0],"packable":true,"pixelsToUnit":100,"pivot":{"x":0.5,"y":0.5},"meshType":0}],[0],0,[0],[0],[0]],[[{"name":"IS_yanhua_00001","rect":{"x":209,"y":3,"width":200,"height":200},"offset":{"x":0,"y":0},"originalSize":{"width":200,"height":200},"rotated":false,"capInsets":[0,0,0,0],"packable":true,"pixelsToUnit":100,"pivot":{"x":0.5,"y":0.5},"meshType":0}],[0],0,[0],[0],[0]],[[{"name":"IS_yanhua_00000","rect":{"x":415,"y":3,"width":200,"height":200},"offset":{"x":0,"y":0},"originalSize":{"width":200,"height":200},"rotated":false,"capInsets":[0,0,0,0],"packable":true,"pixelsToUnit":100,"pivot":{"x":0.5,"y":0.5},"meshType":0}],[0],0,[0],[0],[0]],[[{"name":"IS_yanhua_00017","rect":{"x":621,"y":3,"width":200,"height":200},"offset":{"x":0,"y":0},"originalSize":{"width":200,"height":200},"rotated":false,"capInsets":[0,0,0,0],"packable":true,"pixelsToUnit":100,"pivot":{"x":0.5,"y":0.5},"meshType":0}],[0],0,[0],[0],[0]],[[{"name":"IS_yanhua_00009","rect":{"x":209,"y":209,"width":200,"height":200},"offset":{"x":0,"y":0},"originalSize":{"width":200,"height":200},"rotated":false,"capInsets":[0,0,0,0],"packable":true,"pixelsToUnit":100,"pivot":{"x":0.5,"y":0.5},"meshType":0}],[0],0,[0],[0],[0]],[[{"name":"IS_yanhua_00006","rect":{"x":209,"y":415,"width":200,"height":200},"offset":{"x":0,"y":0},"originalSize":{"width":200,"height":200},"rotated":false,"capInsets":[0,0,0,0],"packable":true,"pixelsToUnit":100,"pivot":{"x":0.5,"y":0.5},"meshType":0}],[0],0,[0],[0],[0]],[[{"name":"IS_yanhua_00002","rect":{"x":209,"y":621,"width":200,"height":200},"offset":{"x":0,"y":0},"originalSize":{"width":200,"height":200},"rotated":false,"capInsets":[0,0,0,0],"packable":true,"pixelsToUnit":100,"pivot":{"x":0.5,"y":0.5},"meshType":0}],[0],0,[0],[0],[0]],[[{"name":"IS_yanhua_00008","rect":{"x":415,"y":209,"width":200,"height":200},"offset":{"x":0,"y":0},"originalSize":{"width":200,"height":200},"rotated":false,"capInsets":[0,0,0,0],"packable":true,"pixelsToUnit":100,"pivot":{"x":0.5,"y":0.5},"meshType":0}],[0],0,[0],[0],[0]],[[{"name":"IS_yanhua_00010","rect":{"x":621,"y":209,"width":200,"height":200},"offset":{"x":0,"y":0},"originalSize":{"width":200,"height":200},"rotated":false,"capInsets":[0,0,0,0],"packable":true,"pixelsToUnit":100,"pivot":{"x":0.5,"y":0.5},"meshType":0}],[0],0,[0],[0],[0]],[[{"name":"IS_yanhua_00015","rect":{"x":415,"y":415,"width":200,"height":200},"offset":{"x":0,"y":0},"originalSize":{"width":200,"height":200},"rotated":false,"capInsets":[0,0,0,0],"packable":true,"pixelsToUnit":100,"pivot":{"x":0.5,"y":0.5},"meshType":0}],[0],0,[0],[0],[0]],[[{"name":"IS_yanhua_00004","rect":{"x":415,"y":621,"width":200,"height":200},"offset":{"x":0,"y":0},"originalSize":{"width":200,"height":200},"rotated":false,"capInsets":[0,0,0,0],"packable":true,"pixelsToUnit":100,"pivot":{"x":0.5,"y":0.5},"meshType":0}],[0],0,[0],[0],[0]],[[{"name":"IS_yanhua_00014","rect":{"x":621,"y":415,"width":200,"height":200},"offset":{"x":0,"y":0},"originalSize":{"width":200,"height":200},"rotated":false,"capInsets":[0,0,0,0],"packable":true,"pixelsToUnit":100,"pivot":{"x":0.5,"y":0.5},"meshType":0}],[0],0,[0],[0],[0]],[[{"name":"IS_yanhua_00007","rect":{"x":621,"y":621,"width":200,"height":200},"offset":{"x":0,"y":0},"originalSize":{"width":200,"height":200},"rotated":false,"capInsets":[0,0,0,0],"packable":true,"pixelsToUnit":100,"pivot":{"x":0.5,"y":0.5},"meshType":0}],[0],0,[0],[0],[0]]]]
