[1,["71YXnM+wNGjbu3c4bg8nPh@6c48a","cbczIpucNBLYJapJ0EKMDI","37b8kTzMNCkrlUI3SQq4uD","99J8mGinxEFpoiUgjYt4ld@491c0"],["node","mainTexture","_effectAsset","root","data","_mesh"],[["cc.Material",["_name","_states","_defines","_props"],0,12],["cc.Prefab",["_name"],2],["cc.Node",["_name","_components","_prefab"],2,9,4],["cc.MeshRenderer",["node","__prefab","_materials","bakeSettings","_mesh"],3,1,4,3,4,6],["cc.CompPrefabInfo",["fileId"],2],["cc.ModelBakeSettings",[],3],["9071c4e2TJOWaiJaOIM4/Xm",["node","__prefab"],3,1,4],["cc.PrefabInfo",["fileId","instance","targetOverrides","nestedPrefabInstanceRoots","root","asset"],-1,1,1]],[[4,0,2],[0,0,1,2,3,4],[1,0,2],[2,0,1,2,2],[3,0,1,2,3,4,1],[5,1],[6,0,1,1],[7,0,1,2,3,4,5,5]],[[[[1,"Pistol-gun",[{"rasterizerState":{},"depthStencilState":{},"blendState":{"targets":[{}]}},{"rasterizerState":{},"depthStencilState":{},"blendState":{"targets":[{}]}},{"rasterizerState":{},"depthStencilState":{},"blendState":{"targets":[{}]}},{"rasterizerState":{},"depthStencilState":{},"blendState":{"targets":[{}]}}],[{"USE_INSTANCING":true},{"USE_INSTANCING":true,"USE_BASE_COLOR_MAP":true,"BASE_COLOR_MAP_AS_SHADE_MAP_1":true,"BASE_COLOR_MAP_AS_SHADE_MAP_2":true},{},{}],[[{},[{},"mainColor",8,[4,4294967295],"mainTexture",6,0],{},{}],0,11,0,0]]],0,0,[0,0],[1,2],[0,1]],[[[2,"Pistol"],[3,"Pistol",[[4,-2,[0,"58b9PFKfFG/6uKMXHU1Gbb"],[0],[5],1],[6,-3,[0,"105GRDzg5PvJhxR58Bm76D"]]],[7,"a6eK/9gppGbIyrFsU2UK29",null,null,null,-1,0]]],0,[0,3,1,0,0,1,0,0,1,0,4,1,3],[0,0],[-1,5],[2,3]]]]
