[1,["60ffkHqLNChKcoYn7VBTKW@d90a4","60ffkHqLNChKcoYn7VBTKW@c2000","f6SJZOjTJB/JrJeh5xTdF7"],["root","node","data","_mesh","_effectAsset"],[["cc.Node",["_name","_prefab","_children","_parent","_components"],2,4,2,1,9],["cc.Prefab",["_name"],2],["cc.PrefabInfo",["fileId","instance","targetOverrides","nestedPrefabInstanceRoots","root","asset"],-1,1,1],["cc.MeshRenderer",["node","__prefab","_materials","bakeSettings","_mesh"],3,1,4,3,4,6],["cc.CompPrefabInfo",["fileId"],2],["cc.ModelBakeSettings",[],3],["cc.Mesh",["_native","_hash","_struct"],1,11],["cc.Material",["_name","_states","_defines","_props"],0,12]],[[2,0,1,2,3,4,5,5],[1,0,2],[0,0,2,1,2],[0,0,3,4,1,2],[3,0,1,2,3,4,1],[4,0,2],[5,1],[6,0,1,2,3],[7,0,1,2,3,4]],[[[[1,"Decorate_E"],[2,"Decorate_E",[-2],[0,"0cxNcT6TtRhLYTPHg6hgjv",null,null,null,-1,0]],[3,"Decorate_E",1,[[4,-3,[5,"8aESwByypaMbmqekj6oIVu"],[0],[6],1]],[0,"90sHJpvL5dfYcUr0EfkIMo",null,null,null,1,0]]],0,[0,0,1,0,-1,2,0,1,2,0,2,1,3],[0,0],[-1,3],[0,1]],[[[7,".bin",2912785329,[{"primitives":[{"primitiveMode":7,"vertexBundelIndices":[0],"indexView":{"offset":64128,"length":3288,"count":1644,"stride":2}}],"vertexBundles":[{"view":{"offset":0,"length":64128,"count":1336,"stride":48},"attributes":[{"name":"a_position","format":32,"isNormalized":false},{"name":"a_normal","format":32,"isNormalized":false},{"name":"a_texCoord","format":21,"isNormalized":false},{"name":"a_tangent","format":44,"isNormalized":false}]}]},"minPosition",8,[1,-5.000000953674316,-0.8678587079048157,-5.000000476837158],"maxPosition",8,[1,5.000000953674316,0.7622677087783813,5.000000953674316]]],-1],0,0,[],[],[]],[[[8,"01 - Default",[{"rasterizerState":{},"blendState":{"targets":[{}]},"depthStencilState":{}}],[{"DCC_APP_NAME":1}],[[[{"albedoScale":1,"specularFactor":0,"shininessExponent":1.9999998807907104,"emissiveScale":0},"mainColor",8,[4,4291480266],"specularColor",8,[4,4294177779],"emissive",8,[4,4278190080]]],11]]],0,0,[0],[4],[2]]]]
