[1,["2caMlTJEpPoYct3rQi2uwf@d90a4","2caMlTJEpPoYct3rQi2uwf@bfb31","f6SJZOjTJB/JrJeh5xTdF7"],["root","node","data","_mesh","_effectAsset"],[["cc.Node",["_name","_prefab","_children","_parent","_components","_lpos"],2,4,2,1,9,5],["cc.Prefab",["_name"],2],["cc.PrefabInfo",["fileId","instance","targetOverrides","nestedPrefabInstanceRoots","root","asset"],-1,1,1],["cc.MeshRenderer",["node","__prefab","_materials","bakeSettings","_mesh"],3,1,4,3,4,6],["cc.CompPrefabInfo",["fileId"],2],["cc.ModelBakeSettings",[],3],["cc.Mesh",["_native","_hash","_struct"],1,11],["cc.Material",["_name","_states","_defines","_props"],0,12]],[[2,0,1,2,3,4,5,5],[1,0,2],[0,0,2,1,2],[0,0,3,4,1,5,2],[3,0,1,2,3,4,1],[4,0,2],[5,1],[6,0,1,2,3],[7,0,1,2,3,4]],[[[[1,"Sandbag"],[2,"Sandbag",[-2],[0,"ea7a74HfdY/7j8i/g1ao/r",null,null,null,-1,0]],[3,"Sandbag",1,[[4,-3,[5,"eczFGBNitUHLQ7j5Fw4pWi"],[0],[6],1]],[0,"88tVN9qSNTsoTW9O0URdmf",null,null,null,1,0],[1,0,0,-0.48227939009666443]]],0,[0,0,1,0,-1,2,0,1,2,0,2,1,3],[0,0],[-1,3],[0,1]],[[[7,".bin",316350947,[{"primitives":[{"primitiveMode":7,"vertexBundelIndices":[0],"indexView":{"offset":56160,"length":7488,"count":3744,"stride":2}}],"vertexBundles":[{"view":{"offset":0,"length":56160,"count":780,"stride":72},"attributes":[{"name":"a_position","format":32,"isNormalized":false},{"name":"a_normal","format":32,"isNormalized":false},{"name":"a_texCoord","format":21,"isNormalized":false},{"name":"a_tangent","format":44,"isNormalized":false},{"name":"a_color","format":44,"isNormalized":false},{"name":"a_texCoord1","format":21,"isNormalized":false}]}]},"minPosition",8,[1,-4.565197944641113,0.03269309923052788,0.10516820847988129],"maxPosition",8,[1,4.5651984214782715,0.6301552057266235,0.8611922264099121]]],-1],0,0,[],[],[]],[[[8,"01 - Default",[{"rasterizerState":{},"blendState":{"targets":[{}]},"depthStencilState":{}}],[{"DCC_APP_NAME":1}],[[[{"albedoScale":1,"specularFactor":0,"shininessExponent":1.9999998807907104,"emissiveScale":0},"mainColor",8,[4,4291480266],"specularColor",8,[4,4294177779],"emissive",8,[4,4278190080]]],11]]],0,0,[0],[4],[2]]]]
