[1,["1cfefdaae@6c48a"],["_textureSource"],["cc.SpriteFrame"],0,[[[{"name":"Tank_shootboom_00011","rect":{"x":2,"y":2,"width":300,"height":300},"offset":{"x":0,"y":0},"originalSize":{"width":300,"height":300},"rotated":false,"capInsets":[0,0,0,0],"packable":true,"pixelsToUnit":100,"pivot":{"x":0.5,"y":0.5},"meshType":0}],[0],0,[0],[0],[0]],[[{"name":"Tank_shootboom_00020","rect":{"x":2,"y":306,"width":300,"height":300},"offset":{"x":0,"y":0},"originalSize":{"width":300,"height":300},"rotated":false,"capInsets":[0,0,0,0],"packable":true,"pixelsToUnit":100,"pivot":{"x":0.5,"y":0.5},"meshType":0}],[0],0,[0],[0],[0]],[[{"name":"Tank_shootboom_00018","rect":{"x":2,"y":610,"width":300,"height":300},"offset":{"x":0,"y":0},"originalSize":{"width":300,"height":300},"rotated":false,"capInsets":[0,0,0,0],"packable":true,"pixelsToUnit":100,"pivot":{"x":0.5,"y":0.5},"meshType":0}],[0],0,[0],[0],[0]],[[{"name":"Tank_shootboom_00028","rect":{"x":2,"y":914,"width":300,"height":300},"offset":{"x":0,"y":0},"originalSize":{"width":300,"height":300},"rotated":false,"capInsets":[0,0,0,0],"packable":true,"pixelsToUnit":100,"pivot":{"x":0.5,"y":0.5},"meshType":0}],[0],0,[0],[0],[0]],[[{"name":"Tank_shootboom_00026","rect":{"x":2,"y":1218,"width":300,"height":300},"offset":{"x":0,"y":0},"originalSize":{"width":300,"height":300},"rotated":false,"capInsets":[0,0,0,0],"packable":true,"pixelsToUnit":100,"pivot":{"x":0.5,"y":0.5},"meshType":0}],[0],0,[0],[0],[0]],[[{"name":"Tank_shootboom_00003","rect":{"x":2,"y":1522,"width":300,"height":300},"offset":{"x":0,"y":0},"originalSize":{"width":300,"height":300},"rotated":false,"capInsets":[0,0,0,0],"packable":true,"pixelsToUnit":100,"pivot":{"x":0.5,"y":0.5},"meshType":0}],[0],0,[0],[0],[0]],[[{"name":"Tank_shootboom_00027","rect":{"x":306,"y":2,"width":300,"height":300},"offset":{"x":0,"y":0},"originalSize":{"width":300,"height":300},"rotated":false,"capInsets":[0,0,0,0],"packable":true,"pixelsToUnit":100,"pivot":{"x":0.5,"y":0.5},"meshType":0}],[0],0,[0],[0],[0]],[[{"name":"Tank_shootboom_00014","rect":{"x":610,"y":2,"width":300,"height":300},"offset":{"x":0,"y":0},"originalSize":{"width":300,"height":300},"rotated":false,"capInsets":[0,0,0,0],"packable":true,"pixelsToUnit":100,"pivot":{"x":0.5,"y":0.5},"meshType":0}],[0],0,[0],[0],[0]],[[{"name":"Tank_shootboom_00008","rect":{"x":914,"y":2,"width":300,"height":300},"offset":{"x":0,"y":0},"originalSize":{"width":300,"height":300},"rotated":false,"capInsets":[0,0,0,0],"packable":true,"pixelsToUnit":100,"pivot":{"x":0.5,"y":0.5},"meshType":0}],[0],0,[0],[0],[0]],[[{"name":"Tank_shootboom_00029","rect":{"x":1218,"y":2,"width":300,"height":300},"offset":{"x":0,"y":0},"originalSize":{"width":300,"height":300},"rotated":false,"capInsets":[0,0,0,0],"packable":true,"pixelsToUnit":100,"pivot":{"x":0.5,"y":0.5},"meshType":0}],[0],0,[0],[0],[0]],[[{"name":"Tank_shootboom_00017","rect":{"x":1522,"y":2,"width":300,"height":300},"offset":{"x":0,"y":0},"originalSize":{"width":300,"height":300},"rotated":false,"capInsets":[0,0,0,0],"packable":true,"pixelsToUnit":100,"pivot":{"x":0.5,"y":0.5},"meshType":0}],[0],0,[0],[0],[0]],[[{"name":"Tank_shootboom_00005","rect":{"x":306,"y":306,"width":300,"height":300},"offset":{"x":0,"y":0},"originalSize":{"width":300,"height":300},"rotated":false,"capInsets":[0,0,0,0],"packable":true,"pixelsToUnit":100,"pivot":{"x":0.5,"y":0.5},"meshType":0}],[0],0,[0],[0],[0]],[[{"name":"Tank_shootboom_00009","rect":{"x":306,"y":610,"width":300,"height":300},"offset":{"x":0,"y":0},"originalSize":{"width":300,"height":300},"rotated":false,"capInsets":[0,0,0,0],"packable":true,"pixelsToUnit":100,"pivot":{"x":0.5,"y":0.5},"meshType":0}],[0],0,[0],[0],[0]],[[{"name":"Tank_shootboom_00022","rect":{"x":306,"y":914,"width":300,"height":300},"offset":{"x":0,"y":0},"originalSize":{"width":300,"height":300},"rotated":false,"capInsets":[0,0,0,0],"packable":true,"pixelsToUnit":100,"pivot":{"x":0.5,"y":0.5},"meshType":0}],[0],0,[0],[0],[0]],[[{"name":"Tank_shootboom_00030","rect":{"x":306,"y":1218,"width":300,"height":300},"offset":{"x":0,"y":0},"originalSize":{"width":300,"height":300},"rotated":false,"capInsets":[0,0,0,0],"packable":true,"pixelsToUnit":100,"pivot":{"x":0.5,"y":0.5},"meshType":0}],[0],0,[0],[0],[0]],[[{"name":"Tank_shootboom_00006","rect":{"x":306,"y":1522,"width":300,"height":300},"offset":{"x":0,"y":0},"originalSize":{"width":300,"height":300},"rotated":false,"capInsets":[0,0,0,0],"packable":true,"pixelsToUnit":100,"pivot":{"x":0.5,"y":0.5},"meshType":0}],[0],0,[0],[0],[0]],[[{"name":"Tank_shootboom_00012","rect":{"x":610,"y":306,"width":300,"height":300},"offset":{"x":0,"y":0},"originalSize":{"width":300,"height":300},"rotated":false,"capInsets":[0,0,0,0],"packable":true,"pixelsToUnit":100,"pivot":{"x":0.5,"y":0.5},"meshType":0}],[0],0,[0],[0],[0]],[[{"name":"Tank_shootboom_00024","rect":{"x":914,"y":306,"width":300,"height":300},"offset":{"x":0,"y":0},"originalSize":{"width":300,"height":300},"rotated":false,"capInsets":[0,0,0,0],"packable":true,"pixelsToUnit":100,"pivot":{"x":0.5,"y":0.5},"meshType":0}],[0],0,[0],[0],[0]],[[{"name":"Tank_shootboom_00001","rect":{"x":1218,"y":306,"width":300,"height":300},"offset":{"x":0,"y":0},"originalSize":{"width":300,"height":300},"rotated":false,"capInsets":[0,0,0,0],"packable":true,"pixelsToUnit":100,"pivot":{"x":0.5,"y":0.5},"meshType":0}],[0],0,[0],[0],[0]],[[{"name":"Tank_shootboom_00025","rect":{"x":1522,"y":306,"width":300,"height":300},"offset":{"x":0,"y":0},"originalSize":{"width":300,"height":300},"rotated":false,"capInsets":[0,0,0,0],"packable":true,"pixelsToUnit":100,"pivot":{"x":0.5,"y":0.5},"meshType":0}],[0],0,[0],[0],[0]],[[{"name":"Tank_shootboom_00021","rect":{"x":610,"y":610,"width":300,"height":300},"offset":{"x":0,"y":0},"originalSize":{"width":300,"height":300},"rotated":false,"capInsets":[0,0,0,0],"packable":true,"pixelsToUnit":100,"pivot":{"x":0.5,"y":0.5},"meshType":0}],[0],0,[0],[0],[0]],[[{"name":"Tank_shootboom_00007","rect":{"x":610,"y":914,"width":300,"height":300},"offset":{"x":0,"y":0},"originalSize":{"width":300,"height":300},"rotated":false,"capInsets":[0,0,0,0],"packable":true,"pixelsToUnit":100,"pivot":{"x":0.5,"y":0.5},"meshType":0}],[0],0,[0],[0],[0]],[[{"name":"Tank_shootboom_00013","rect":{"x":610,"y":1218,"width":300,"height":300},"offset":{"x":0,"y":0},"originalSize":{"width":300,"height":300},"rotated":false,"capInsets":[0,0,0,0],"packable":true,"pixelsToUnit":100,"pivot":{"x":0.5,"y":0.5},"meshType":0}],[0],0,[0],[0],[0]],[[{"name":"Tank_shootboom_00016","rect":{"x":610,"y":1522,"width":300,"height":300},"offset":{"x":0,"y":0},"originalSize":{"width":300,"height":300},"rotated":false,"capInsets":[0,0,0,0],"packable":true,"pixelsToUnit":100,"pivot":{"x":0.5,"y":0.5},"meshType":0}],[0],0,[0],[0],[0]],[[{"name":"Tank_shootboom_00002","rect":{"x":914,"y":610,"width":300,"height":300},"offset":{"x":0,"y":0},"originalSize":{"width":300,"height":300},"rotated":false,"capInsets":[0,0,0,0],"packable":true,"pixelsToUnit":100,"pivot":{"x":0.5,"y":0.5},"meshType":0}],[0],0,[0],[0],[0]],[[{"name":"Tank_shootboom_00000","rect":{"x":1218,"y":610,"width":300,"height":300},"offset":{"x":0,"y":0},"originalSize":{"width":300,"height":300},"rotated":false,"capInsets":[0,0,0,0],"packable":true,"pixelsToUnit":100,"pivot":{"x":0.5,"y":0.5},"meshType":0}],[0],0,[0],[0],[0]],[[{"name":"Tank_shootboom_00015","rect":{"x":1522,"y":610,"width":300,"height":300},"offset":{"x":0,"y":0},"originalSize":{"width":300,"height":300},"rotated":false,"capInsets":[0,0,0,0],"packable":true,"pixelsToUnit":100,"pivot":{"x":0.5,"y":0.5},"meshType":0}],[0],0,[0],[0],[0]],[[{"name":"Tank_shootboom_00004","rect":{"x":914,"y":914,"width":300,"height":300},"offset":{"x":0,"y":0},"originalSize":{"width":300,"height":300},"rotated":false,"capInsets":[0,0,0,0],"packable":true,"pixelsToUnit":100,"pivot":{"x":0.5,"y":0.5},"meshType":0}],[0],0,[0],[0],[0]],[[{"name":"Tank_shootboom_00023","rect":{"x":914,"y":1218,"width":300,"height":300},"offset":{"x":0,"y":0},"originalSize":{"width":300,"height":300},"rotated":false,"capInsets":[0,0,0,0],"packable":true,"pixelsToUnit":100,"pivot":{"x":0.5,"y":0.5},"meshType":0}],[0],0,[0],[0],[0]],[[{"name":"Tank_shootboom_00010","rect":{"x":914,"y":1522,"width":300,"height":300},"offset":{"x":0,"y":0},"originalSize":{"width":300,"height":300},"rotated":false,"capInsets":[0,0,0,0],"packable":true,"pixelsToUnit":100,"pivot":{"x":0.5,"y":0.5},"meshType":0}],[0],0,[0],[0],[0]],[[{"name":"Tank_shootboom_00019","rect":{"x":1218,"y":914,"width":300,"height":300},"offset":{"x":0,"y":0},"originalSize":{"width":300,"height":300},"rotated":false,"capInsets":[0,0,0,0],"packable":true,"pixelsToUnit":100,"pivot":{"x":0.5,"y":0.5},"meshType":0}],[0],0,[0],[0],[0]]]]
