[1,["f7yux1ZD9AD6yPSBFjuiWO@f9941","f7yux1ZD9AD6yPSBFjuiWO@6c48a"],["spriteFrame","_textureSource"],["cc.SpriteFrame",["cc.LabelAtlas",["_name","fontSize","fntConfig"],0]],[[1,0,1,2,4]],[[[[0,"loading_number",17.6,{"commonHeight":20,"fontSize":17,"atlasName":"load_font","fontDefDictionary":{"48":{"xOffset":0,"yOffset":0,"xAdvance":20,"rect":{"x":0,"y":0,"width":20,"height":20}},"49":{"xOffset":0,"yOffset":0,"xAdvance":20,"rect":{"x":20,"y":0,"width":20,"height":20}},"50":{"xOffset":0,"yOffset":0,"xAdvance":20,"rect":{"x":40,"y":0,"width":20,"height":20}},"51":{"xOffset":0,"yOffset":0,"xAdvance":20,"rect":{"x":60,"y":0,"width":20,"height":20}},"52":{"xOffset":0,"yOffset":0,"xAdvance":20,"rect":{"x":80,"y":0,"width":20,"height":20}},"53":{"xOffset":0,"yOffset":0,"xAdvance":20,"rect":{"x":100,"y":0,"width":20,"height":20}},"54":{"xOffset":0,"yOffset":0,"xAdvance":20,"rect":{"x":120,"y":0,"width":20,"height":20}},"55":{"xOffset":0,"yOffset":0,"xAdvance":20,"rect":{"x":140,"y":0,"width":20,"height":20}},"56":{"xOffset":0,"yOffset":0,"xAdvance":20,"rect":{"x":160,"y":0,"width":20,"height":20}},"57":{"xOffset":0,"yOffset":0,"xAdvance":20,"rect":{"x":180,"y":0,"width":20,"height":20}}},"kerningDict":{}}]],0,0,[0],[0],[0]],[[{"name":"load_font","rect":{"x":3,"y":3,"width":194,"height":16},"offset":{"x":0,"y":-1},"originalSize":{"width":200,"height":20},"rotated":false,"capInsets":[0,0,0,0],"vertices":{"rawPosition":[-97,-8,0,97,-8,0,-97,8,0,97,8,0],"indexes":[0,1,2,2,1,3],"uv":[3,17,197,17,3,1,197,1],"nuv":[0.015,0.05,0.985,0.05,0.015,0.85,0.985,0.85],"minPos":{"x":-97,"y":-8,"z":0},"maxPos":{"x":97,"y":8,"z":0}},"packable":true,"pixelsToUnit":100,"pivot":{"x":0.5,"y":0.5},"meshType":0}],[0],0,[0],[1],[1]]]]
