[1,["1d6bf69c0@6c48a"],["_textureSource"],["cc.SpriteFrame"],0,[[[{"name":"IS_yanhua_00016","rect":{"x":3,"y":3,"width":200,"height":200},"offset":{"x":0,"y":0},"originalSize":{"width":200,"height":200},"rotated":false,"capInsets":[0,0,0,0],"packable":true,"pixelsToUnit":100,"pivot":{"x":0.5,"y":0.5},"meshType":0}],[0],0,[0],[0],[0]],[[{"name":"IS_yanhua_00013","rect":{"x":3,"y":209,"width":200,"height":200},"offset":{"x":0,"y":0},"originalSize":{"width":200,"height":200},"rotated":false,"capInsets":[0,0,0,0],"packable":true,"pixelsToUnit":100,"pivot":{"x":0.5,"y":0.5},"meshType":0}],[0],0,[0],[0],[0]]]]
