[1,["1cKW/H1vJCiqBFLzeEn0fv@6c48a","1cKW/H1vJCiqBFLzeEn0fv@f9941"],["_textureSource","spriteFrame"],["cc.SpriteFrame",["cc.LabelAtlas",["_name","fontSize","fntConfig"],0]],[[1,0,1,2,4]],[[[{"name":"number_gold","rect":{"x":4,"y":4,"width":252,"height":21},"offset":{"x":0,"y":-1.5},"originalSize":{"width":260,"height":26},"rotated":false,"capInsets":[0,0,0,0],"vertices":{"rawPosition":[-126,-10.5,0,126,-10.5,0,-126,10.5,0,126,10.5,0],"indexes":[0,1,2,2,1,3],"uv":[4,22,256,22,4,1,256,1],"nuv":[0.015384615384615385,0.038461538461538464,0.9846153846153847,0.038461538461538464,0.015384615384615385,0.8461538461538461,0.9846153846153847,0.8461538461538461],"minPos":{"x":-126,"y":-10.5,"z":0},"maxPos":{"x":126,"y":10.5,"z":0}},"packable":true,"pixelsToUnit":100,"pivot":{"x":0.5,"y":0.5},"meshType":0}],[0],0,[0],[0],[0]],[[[0,"number_gold",22.88,{"commonHeight":26,"fontSize":22,"atlasName":"number_gold","fontDefDictionary":{"48":{"xOffset":0,"yOffset":0,"xAdvance":26,"rect":{"x":0,"y":0,"width":26,"height":26}},"49":{"xOffset":0,"yOffset":0,"xAdvance":26,"rect":{"x":26,"y":0,"width":26,"height":26}},"50":{"xOffset":0,"yOffset":0,"xAdvance":26,"rect":{"x":52,"y":0,"width":26,"height":26}},"51":{"xOffset":0,"yOffset":0,"xAdvance":26,"rect":{"x":78,"y":0,"width":26,"height":26}},"52":{"xOffset":0,"yOffset":0,"xAdvance":26,"rect":{"x":104,"y":0,"width":26,"height":26}},"53":{"xOffset":0,"yOffset":0,"xAdvance":26,"rect":{"x":130,"y":0,"width":26,"height":26}},"54":{"xOffset":0,"yOffset":0,"xAdvance":26,"rect":{"x":156,"y":0,"width":26,"height":26}},"55":{"xOffset":0,"yOffset":0,"xAdvance":26,"rect":{"x":182,"y":0,"width":26,"height":26}},"56":{"xOffset":0,"yOffset":0,"xAdvance":26,"rect":{"x":208,"y":0,"width":26,"height":26}},"57":{"xOffset":0,"yOffset":0,"xAdvance":26,"rect":{"x":234,"y":0,"width":26,"height":26}}},"kerningDict":{}}]],0,0,[0],[1],[1]]]]
