[1,["1ddb82026@6c48a"],["_textureSource"],["cc.SpriteFrame"],0,[[[{"name":"UI_yxjm_cxks_zi_001","rect":{"x":778,"y":1176,"width":248,"height":58},"offset":{"x":0,"y":0},"originalSize":{"width":248,"height":58},"rotated":false,"capInsets":[0,0,0,0],"packable":true,"pixelsToUnit":100,"pivot":{"x":0.5,"y":0.5},"meshType":0}],[0],0,[0],[0],[0]],[[{"name":"img_video","rect":{"x":909,"y":1357,"width":51,"height":37},"offset":{"x":0,"y":0},"originalSize":{"width":51,"height":37},"rotated":true,"capInsets":[0,0,0,0],"packable":true,"pixelsToUnit":100,"pivot":{"x":0.5,"y":0.5},"meshType":0}],[0],0,[0],[0],[0]],[[{"name":"img_money_4","rect":{"x":1487,"y":1334,"width":98,"height":80},"offset":{"x":0,"y":3},"originalSize":{"width":98,"height":86},"rotated":true,"capInsets":[0,0,0,0],"packable":true,"pixelsToUnit":100,"pivot":{"x":0.5,"y":0.5},"meshType":0}],[0],0,[0],[0],[0]],[[{"name":"UI_js_gg_001","rect":{"x":683,"y":504,"width":507,"height":165},"offset":{"x":0,"y":0},"originalSize":{"width":507,"height":165},"rotated":false,"capInsets":[0,0,0,0],"packable":true,"pixelsToUnit":100,"pivot":{"x":0.5,"y":0.5},"meshType":0}],[0],0,[0],[0],[0]],[[{"name":"img_home_finger","rect":{"x":557,"y":621,"width":119,"height":114},"offset":{"x":0,"y":0},"originalSize":{"width":119,"height":114},"rotated":false,"capInsets":[0,0,0,0],"packable":true,"pixelsToUnit":100,"pivot":{"x":0.5,"y":0.5},"meshType":0}],[0],0,[0],[0],[0]],[[{"name":"UI_zi_100_001","rect":{"x":1044,"y":1390,"width":37,"height":39},"offset":{"x":0,"y":0},"originalSize":{"width":37,"height":39},"rotated":false,"capInsets":[0,0,0,0],"packable":true,"pixelsToUnit":100,"pivot":{"x":0.5,"y":0.5},"meshType":0}],[0],0,[0],[0],[0]],[[{"name":"frame_home_money","rect":{"x":1196,"y":504,"width":172,"height":46},"offset":{"x":0,"y":0},"originalSize":{"width":172,"height":46},"rotated":true,"capInsets":[0,0,0,0],"packable":true,"pixelsToUnit":100,"pivot":{"x":0.5,"y":0.5},"meshType":0}],[0],0,[0],[0],[0]],[[{"name":"UI_js_icon_002","rect":{"x":352,"y":1429,"width":87,"height":97},"offset":{"x":0,"y":0},"originalSize":{"width":87,"height":97},"rotated":true,"capInsets":[0,0,0,0],"packable":true,"pixelsToUnit":100,"pivot":{"x":0.5,"y":0.5},"meshType":0}],[0],0,[0],[0],[0]],[[{"name":"UI_js_glow_001","rect":{"x":199,"y":1524,"width":210,"height":211},"offset":{"x":0,"y":0},"originalSize":{"width":210,"height":211},"rotated":true,"capInsets":[0,0,0,0],"packable":true,"pixelsToUnit":100,"pivot":{"x":0.5,"y":0.5},"meshType":0}],[0],0,[0],[0],[0]],[[{"name":"font_day_6","rect":{"x":1558,"y":1700,"width":34,"height":48},"offset":{"x":0,"y":1},"originalSize":{"width":54,"height":54},"rotated":true,"capInsets":[0,0,0,0],"packable":true,"pixelsToUnit":100,"pivot":{"x":0.5,"y":0.5},"meshType":0}],[0],0,[0],[0],[0]],[[{"name":"UI_js_gg_002","rect":{"x":682,"y":675,"width":507,"height":165},"offset":{"x":0,"y":0},"originalSize":{"width":507,"height":165},"rotated":false,"capInsets":[0,0,0,0],"packable":true,"pixelsToUnit":100,"pivot":{"x":0.5,"y":0.5},"meshType":0}],[0],0,[0],[0],[0]],[[{"name":"frame_home_skill","rect":{"x":1357,"y":1521,"width":112,"height":34},"offset":{"x":0,"y":0},"originalSize":{"width":116,"height":38},"rotated":false,"capInsets":[0,0,0,0],"packable":true,"pixelsToUnit":100,"pivot":{"x":0.5,"y":0.5},"meshType":0}],[0],0,[0],[0],[0]],[[{"name":"img_set_title","rect":{"x":1194,"y":853,"width":378,"height":104},"offset":{"x":0,"y":0},"originalSize":{"width":378,"height":104},"rotated":false,"capInsets":[0,0,0,0],"packable":true,"pixelsToUnit":100,"pivot":{"x":0.5,"y":0.5},"meshType":0}],[0],0,[0],[0],[0]],[[{"name":"img_set_sound","rect":{"x":487,"y":1180,"width":62,"height":48},"offset":{"x":0,"y":0},"originalSize":{"width":62,"height":48},"rotated":false,"capInsets":[0,0,0,0],"packable":true,"pixelsToUnit":100,"pivot":{"x":0.5,"y":0.5},"meshType":0}],[0],0,[0],[0],[0]],[[{"name":"finger_home_1@2x","rect":{"x":557,"y":514,"width":120,"height":101},"offset":{"x":0,"y":0},"originalSize":{"width":120,"height":101},"rotated":false,"capInsets":[0,0,0,0],"packable":true,"pixelsToUnit":100,"pivot":{"x":0.5,"y":0.5},"meshType":0}],[0],0,[0],[0],[0]],[[{"name":"UI_tlbz_005","rect":{"x":1248,"y":215,"width":455,"height":438},"offset":{"x":0,"y":0},"originalSize":{"width":455,"height":438},"rotated":false,"capInsets":[0,0,0,0],"packable":true,"pixelsToUnit":100,"pivot":{"x":0.5,"y":0.5},"meshType":0}],[0],0,[0],[0],[0]],[[{"name":"ic_share","rect":{"x":1487,"y":1130,"width":44,"height":42},"offset":{"x":0,"y":0},"originalSize":{"width":44,"height":42},"rotated":true,"capInsets":[0,0,0,0],"packable":true,"pixelsToUnit":100,"pivot":{"x":0.5,"y":0.5},"meshType":0}],[0],0,[0],[0],[0]],[[{"name":"btn_orange","rect":{"x":557,"y":741,"width":290,"height":117},"offset":{"x":0,"y":0},"originalSize":{"width":290,"height":117},"rotated":true,"capInsets":[0,0,0,0],"packable":true,"pixelsToUnit":100,"pivot":{"x":0.5,"y":0.5},"meshType":0}],[0],0,[0],[0],[0]],[[{"name":"UI_ylsz_009","rect":{"x":290,"y":1247,"width":78,"height":36},"offset":{"x":0,"y":0},"originalSize":{"width":78,"height":36},"rotated":true,"capInsets":[0,0,0,0],"packable":true,"pixelsToUnit":100,"pivot":{"x":0.5,"y":0.5},"meshType":0}],[0],0,[0],[0],[0]],[[{"name":"img_zhiyin_1@2x","rect":{"x":680,"y":846,"width":379,"height":190},"offset":{"x":-5,"y":-1},"originalSize":{"width":389,"height":196},"rotated":false,"capInsets":[0,0,0,0],"packable":true,"pixelsToUnit":100,"pivot":{"x":0.5,"y":0.5},"meshType":0}],[0],0,[0],[0],[0]],[[{"name":"btn_blue","rect":{"x":619,"y":1438,"width":289,"height":117},"offset":{"x":0,"y":0},"originalSize":{"width":289,"height":117},"rotated":true,"capInsets":[0,0,0,0],"packable":true,"pixelsToUnit":100,"pivot":{"x":0.5,"y":0.5},"meshType":0}],[0],0,[0],[0],[0]],[[{"name":"btn_orange","rect":{"x":742,"y":1438,"width":289,"height":117},"offset":{"x":0,"y":0},"originalSize":{"width":289,"height":117},"rotated":true,"capInsets":[0,0,0,0],"packable":true,"pixelsToUnit":100,"pivot":{"x":0.5,"y":0.5},"meshType":0}],[0],0,[0],[0],[0]],[[{"name":"light_money","rect":{"x":3,"y":375,"width":548,"height":497},"offset":{"x":0,"y":0},"originalSize":{"width":548,"height":497},"rotated":false,"capInsets":[0,0,0,0],"packable":true,"pixelsToUnit":100,"pivot":{"x":0.5,"y":0.5},"meshType":0}],[0],0,[0],[0],[0]],[[{"name":"btn_orange","rect":{"x":865,"y":1438,"width":289,"height":117},"offset":{"x":0,"y":0},"originalSize":{"width":289,"height":117},"rotated":true,"capInsets":[0,0,0,0],"packable":true,"pixelsToUnit":100,"pivot":{"x":0.5,"y":0.5},"meshType":0}],[0],0,[0],[0],[0]],[[{"name":"btn_orange2","rect":{"x":988,"y":1438,"width":289,"height":117},"offset":{"x":0,"y":0},"originalSize":{"width":289,"height":117},"rotated":true,"capInsets":[0,0,0,0],"packable":true,"pixelsToUnit":100,"pivot":{"x":0.5,"y":0.5},"meshType":0}],[0],0,[0],[0],[0]],[[{"name":"frame_sign_3","rect":{"x":1558,"y":1527,"width":167,"height":167},"offset":{"x":0.5,"y":0.5},"originalSize":{"width":170,"height":170},"rotated":false,"capInsets":[0,0,0,0],"packable":true,"pixelsToUnit":100,"pivot":{"x":0.5,"y":0.5},"meshType":0}],[0],0,[0],[0],[0]],[[{"name":"levelinfo_(13)","rect":{"x":1487,"y":1244,"width":84,"height":84},"offset":{"x":0,"y":0},"originalSize":{"width":84,"height":84},"rotated":false,"capInsets":[0,0,0,0],"packable":true,"pixelsToUnit":100,"pivot":{"x":0.5,"y":0.5},"meshType":0}],[0],0,[0],[0],[0]],[[{"name":"btn_money","rect":{"x":455,"y":1438,"width":76,"height":78},"offset":{"x":0,"y":0},"originalSize":{"width":76,"height":78},"rotated":false,"capInsets":[0,0,0,0],"packable":true,"pixelsToUnit":100,"pivot":{"x":0.5,"y":0.5},"meshType":0}],[0],0,[0],[0],[0]],[[{"name":"img_signed","rect":{"x":1573,"y":1360,"width":161,"height":161},"offset":{"x":-0.5,"y":0.5},"originalSize":{"width":168,"height":168},"rotated":false,"capInsets":[0,0,0,0],"packable":true,"pixelsToUnit":100,"pivot":{"x":0.5,"y":0.5},"meshType":0}],[0],0,[0],[0],[0]],[[{"name":"font_day_4","rect":{"x":1006,"y":1349,"width":35,"height":49},"offset":{"x":-0.5,"y":0.5},"originalSize":{"width":54,"height":54},"rotated":true,"capInsets":[0,0,0,0],"packable":true,"pixelsToUnit":100,"pivot":{"x":0.5,"y":0.5},"meshType":0}],[0],0,[0],[0],[0]],[[{"name":"btn_orange","rect":{"x":1065,"y":952,"width":290,"height":117},"offset":{"x":0,"y":0},"originalSize":{"width":290,"height":117},"rotated":true,"capInsets":[0,0,0,0],"packable":true,"pixelsToUnit":100,"pivot":{"x":0.5,"y":0.5},"meshType":0}],[0],0,[0],[0],[0]],[[{"name":"UI_js_skin_001","rect":{"x":352,"y":878,"width":198,"height":146},"offset":{"x":0,"y":0},"originalSize":{"width":198,"height":146},"rotated":false,"capInsets":[0,0,0,0],"packable":true,"pixelsToUnit":100,"pivot":{"x":0.5,"y":0.5},"meshType":0}],[0],0,[0],[0],[0]],[[{"name":"img_video ","rect":{"x":722,"y":1176,"width":59,"height":50},"offset":{"x":0,"y":0},"originalSize":{"width":59,"height":50},"rotated":true,"capInsets":[0,0,0,0],"packable":true,"pixelsToUnit":100,"pivot":{"x":0.5,"y":0.5},"meshType":0}],[0],0,[0],[0],[0]],[[{"name":"font_+","rect":{"x":382,"y":1393,"width":29,"height":29},"offset":{"x":0,"y":0},"originalSize":{"width":29,"height":29},"rotated":false,"capInsets":[0,0,0,0],"packable":true,"pixelsToUnit":100,"pivot":{"x":0.5,"y":0.5},"meshType":0}],[0],0,[0],[0],[0]],[[{"name":"font_+","rect":{"x":1248,"y":97,"width":456,"height":112},"offset":{"x":0,"y":-0.5},"originalSize":{"width":464,"height":121},"rotated":false,"capInsets":[0,0,0,0],"packable":true,"pixelsToUnit":100,"pivot":{"x":0.5,"y":0.5},"meshType":0}],[0],0,[0],[0],[0]],[[{"name":"font_day_5","rect":{"x":1612,"y":1700,"width":34,"height":48},"offset":{"x":0,"y":1},"originalSize":{"width":54,"height":54},"rotated":true,"capInsets":[0,0,0,0],"packable":true,"pixelsToUnit":100,"pivot":{"x":0.5,"y":0.5},"meshType":0}],[0],0,[0],[0],[0]],[[{"name":"ic_end_share","rect":{"x":721,"y":1042,"width":103,"height":101},"offset":{"x":0,"y":0},"originalSize":{"width":103,"height":101},"rotated":false,"capInsets":[0,0,0,0],"packable":true,"pixelsToUnit":100,"pivot":{"x":0.5,"y":0.5},"meshType":0}],[0],0,[0],[0],[0]],[[{"name":"frame_sign_2","rect":{"x":679,"y":1248,"width":167,"height":167},"offset":{"x":0.5,"y":0.5},"originalSize":{"width":168,"height":168},"rotated":false,"capInsets":[0,0,0,0],"packable":true,"pixelsToUnit":100,"pivot":{"x":0.5,"y":0.5},"meshType":0}],[0],0,[0],[0],[0]],[[{"name":"UI_js_zi_002","rect":{"x":193,"y":1247,"width":128,"height":36},"offset":{"x":0,"y":0},"originalSize":{"width":128,"height":36},"rotated":true,"capInsets":[0,0,0,0],"packable":true,"pixelsToUnit":100,"pivot":{"x":0.5,"y":0.5},"meshType":0}],[0],0,[0],[0],[0]],[[{"name":"UI_gkjl_baoxiang_001","rect":{"x":332,"y":1247,"width":140,"height":116},"offset":{"x":-2.5,"y":-9},"originalSize":{"width":169,"height":158},"rotated":true,"capInsets":[0,0,0,0],"packable":true,"pixelsToUnit":100,"pivot":{"x":0.5,"y":0.5},"meshType":0}],[0],0,[0],[0],[0]],[[{"name":"img_set_shock","rect":{"x":988,"y":1101,"width":54,"height":50},"offset":{"x":0,"y":0},"originalSize":{"width":54,"height":50},"rotated":true,"capInsets":[0,0,0,0],"packable":true,"pixelsToUnit":100,"pivot":{"x":0.5,"y":0.5},"meshType":0}],[0],0,[0],[0],[0]],[[{"name":"UI_gkjl_baoxiang_002","rect":{"x":1403,"y":1604,"width":149,"height":130},"offset":{"x":2,"y":-2},"originalSize":{"width":169,"height":158},"rotated":false,"capInsets":[0,0,0,0],"packable":true,"pixelsToUnit":100,"pivot":{"x":0.5,"y":0.5},"meshType":0}],[0],0,[0],[0],[0]],[[{"name":"UI_zi_xx_001","rect":{"x":417,"y":1393,"width":28,"height":31},"offset":{"x":0,"y":0},"originalSize":{"width":28,"height":31},"rotated":true,"capInsets":[0,0,0,0],"packable":true,"pixelsToUnit":100,"pivot":{"x":0.5,"y":0.5},"meshType":0}],[0],0,[0],[0],[0]],[[{"name":"UI_ylsz_002","rect":{"x":988,"y":1042,"width":70,"height":53},"offset":{"x":0,"y":0},"originalSize":{"width":70,"height":53},"rotated":false,"capInsets":[0,0,0,0],"packable":true,"pixelsToUnit":100,"pivot":{"x":0.5,"y":0.5},"meshType":0}],[0],0,[0],[0],[0]],[[{"name":"UI_tlbz_003","rect":{"x":557,"y":375,"width":120,"height":133},"offset":{"x":0,"y":0},"originalSize":{"width":120,"height":133},"rotated":false,"capInsets":[0,0,0,0],"packable":true,"pixelsToUnit":100,"pivot":{"x":0.5,"y":0.5},"meshType":0}],[0],0,[0],[0],[0]],[[{"name":"UI_js_gg_003","rect":{"x":1195,"y":682,"width":507,"height":165},"offset":{"x":0,"y":0},"originalSize":{"width":507,"height":165},"rotated":false,"capInsets":[0,0,0,0],"packable":true,"pixelsToUnit":100,"pivot":{"x":0.5,"y":0.5},"meshType":0}],[0],0,[0],[0],[0]],[[{"name":"UI_loading","rect":{"x":852,"y":1042,"width":130,"height":128},"offset":{"x":0,"y":0},"originalSize":{"width":130,"height":128},"rotated":false,"capInsets":[0,0,0,0],"packable":true,"pixelsToUnit":100,"pivot":{"x":0.5,"y":0.5},"meshType":0}],[0],0,[0],[0],[0]],[[{"name":"font_people","rect":{"x":201,"y":878,"width":136,"height":35},"offset":{"x":0,"y":0},"originalSize":{"width":138,"height":39},"rotated":false,"capInsets":[0,0,0,0],"packable":true,"pixelsToUnit":100,"pivot":{"x":0.5,"y":0.5},"meshType":0}],[0],0,[0],[0],[0]],[[{"name":"img_video","rect":{"x":1403,"y":1561,"width":60,"height":37},"offset":{"x":0,"y":0},"originalSize":{"width":60,"height":37},"rotated":false,"capInsets":[0,0,0,0],"packable":true,"pixelsToUnit":100,"pivot":{"x":0.5,"y":0.5},"meshType":0}],[0],0,[0],[0],[0]],[[{"name":"UI_ylsz_003","rect":{"x":852,"y":1357,"width":74,"height":51},"offset":{"x":0,"y":0},"originalSize":{"width":74,"height":51},"rotated":true,"capInsets":[0,0,0,0],"packable":true,"pixelsToUnit":100,"pivot":{"x":0.5,"y":0.5},"meshType":0}],[0],0,[0],[0],[0]],[[{"name":"UI_js_skin_002","rect":{"x":1578,"y":853,"width":245,"height":150},"offset":{"x":0,"y":0},"originalSize":{"width":245,"height":150},"rotated":true,"capInsets":[0,0,0,0],"packable":true,"pixelsToUnit":100,"pivot":{"x":0.5,"y":0.5},"meshType":0}],[0],0,[0],[0],[0]],[[{"name":"UI_yxjm_fhzy_zi_001","rect":{"x":1188,"y":1073,"width":341,"height":51},"offset":{"x":0,"y":0},"originalSize":{"width":341,"height":51},"rotated":false,"capInsets":[0,0,0,0],"packable":true,"pixelsToUnit":100,"pivot":{"x":0.5,"y":0.5},"meshType":0}],[0],0,[0],[0],[0]],[[{"name":"ic_end_arrow","rect":{"x":1087,"y":1355,"width":46,"height":38},"offset":{"x":0,"y":0},"originalSize":{"width":46,"height":38},"rotated":true,"capInsets":[0,0,0,0],"packable":true,"pixelsToUnit":100,"pivot":{"x":0.5,"y":0.5},"meshType":0}],[0],0,[0],[0],[0]],[[{"name":"ic_shop_back","rect":{"x":1477,"y":1517,"width":74,"height":72},"offset":{"x":0,"y":0},"originalSize":{"width":74,"height":72},"rotated":false,"capInsets":[0,0,0,0],"packable":true,"pixelsToUnit":100,"pivot":{"x":0.5,"y":0.5},"meshType":0}],[0],0,[0],[0],[0]],[[{"name":"UI_ylsz_007","rect":{"x":1710,"y":97,"width":44,"height":24},"offset":{"x":0,"y":0},"originalSize":{"width":44,"height":24},"rotated":true,"capInsets":[0,0,0,0],"packable":true,"pixelsToUnit":100,"pivot":{"x":0.5,"y":0.5},"meshType":0}],[0],0,[0],[0],[0]],[[{"name":"ic_home_add","rect":{"x":290,"y":1331,"width":36,"height":36},"offset":{"x":0,"y":0},"originalSize":{"width":36,"height":36},"rotated":false,"capInsets":[0,0,0,0],"packable":true,"pixelsToUnit":100,"pivot":{"x":0.5,"y":0.5},"meshType":0}],[0],0,[0],[0],[0]],[[{"name":"ic_home_turntable","rect":{"x":959,"y":1240,"width":103,"height":100},"offset":{"x":0,"y":0},"originalSize":{"width":103,"height":100},"rotated":true,"capInsets":[0,0,0,0],"packable":true,"pixelsToUnit":100,"pivot":{"x":0.5,"y":0.5},"meshType":0}],[0],0,[0],[0],[0]],[[{"name":"btn_blue","rect":{"x":1111,"y":1438,"width":289,"height":117},"offset":{"x":0,"y":0},"originalSize":{"width":289,"height":117},"rotated":true,"capInsets":[0,0,0,0],"packable":true,"pixelsToUnit":100,"pivot":{"x":0.5,"y":0.5},"meshType":0}],[0],0,[0],[0],[0]],[[{"name":"UI_tlbz_zi_004","rect":{"x":1357,"y":1561,"width":166,"height":40},"offset":{"x":0,"y":0},"originalSize":{"width":166,"height":40},"rotated":true,"capInsets":[0,0,0,0],"packable":true,"pixelsToUnit":100,"pivot":{"x":0.5,"y":0.5},"meshType":0}],[0],0,[0],[0],[0]],[[{"name":"UI_js_icon_001","rect":{"x":563,"y":1333,"width":73,"height":100},"offset":{"x":0,"y":0},"originalSize":{"width":73,"height":100},"rotated":true,"capInsets":[0,0,0,0],"packable":true,"pixelsToUnit":100,"pivot":{"x":0.5,"y":0.5},"meshType":0}],[0],0,[0],[0],[0]],[[{"name":"img_pop_title","rect":{"x":1188,"y":963,"width":378,"height":104},"offset":{"x":0,"y":0},"originalSize":{"width":378,"height":104},"rotated":false,"capInsets":[0,0,0,0],"packable":true,"pixelsToUnit":100,"pivot":{"x":0.5,"y":0.5},"meshType":0}],[0],0,[0],[0],[0]],[[{"name":"ic_home_arms","rect":{"x":201,"y":919,"width":103,"height":128},"offset":{"x":0,"y":0},"originalSize":{"width":103,"height":128},"rotated":true,"capInsets":[0,0,0,0],"packable":true,"pixelsToUnit":100,"pivot":{"x":0.5,"y":0.5},"meshType":0}],[0],0,[0],[0],[0]],[[{"name":"img_money_5","rect":{"x":1357,"y":1429,"width":114,"height":86},"offset":{"x":0,"y":3},"originalSize":{"width":114,"height":92},"rotated":false,"capInsets":[0,0,0,0],"packable":true,"pixelsToUnit":100,"pivot":{"x":0.5,"y":0.5},"meshType":0}],[0],0,[0],[0],[0]],[[{"name":"img_money_3","rect":{"x":454,"y":1247,"width":71,"height":77},"offset":{"x":0,"y":3},"originalSize":{"width":71,"height":83},"rotated":false,"capInsets":[0,0,0,0],"packable":true,"pixelsToUnit":100,"pivot":{"x":0.5,"y":0.5},"meshType":0}],[0],0,[0],[0],[0]],[[{"name":"UI_gkjl_key_001","rect":{"x":332,"y":1393,"width":44,"height":30},"offset":{"x":0,"y":0},"originalSize":{"width":44,"height":30},"rotated":false,"capInsets":[0,0,0,0],"packable":true,"pixelsToUnit":100,"pivot":{"x":0.5,"y":0.5},"meshType":0}],[0],0,[0],[0],[0]],[[{"name":"UI_gkjl_di_001","rect":{"x":416,"y":1522,"width":190,"height":209},"offset":{"x":0,"y":0},"originalSize":{"width":190,"height":209},"rotated":false,"capInsets":[0,0,0,0],"packable":true,"pixelsToUnit":100,"pivot":{"x":0.5,"y":0.5},"meshType":0}],[0],0,[0],[0],[0]],[[{"name":"UI_yxjm_ts_002","rect":{"x":1131,"y":1355,"width":34,"height":34},"offset":{"x":0,"y":0},"originalSize":{"width":34,"height":34},"rotated":false,"capInsets":[0,0,0,0],"packable":true,"pixelsToUnit":100,"pivot":{"x":0.5,"y":0.5},"meshType":0}],[0],0,[0],[0],[0]],[[{"name":"UI_di_002","rect":{"x":235,"y":1248,"width":175,"height":49},"offset":{"x":0,"y":0},"originalSize":{"width":175,"height":49},"rotated":true,"capInsets":[0,0,0,0],"packable":true,"pixelsToUnit":100,"pivot":{"x":0.5,"y":0.5},"meshType":0}],[0],0,[0],[0],[0]],[[{"name":"img_fail_title1","rect":{"x":3,"y":878,"width":192,"height":149},"offset":{"x":0,"y":0},"originalSize":{"width":192,"height":149},"rotated":false,"capInsets":[96,74,96,74],"packable":true,"pixelsToUnit":100,"pivot":{"x":0.5,"y":0.5},"meshType":0}],[0],0,[0],[0],[0]],[[{"name":"ic_home_add","rect":{"x":290,"y":1373,"width":36,"height":36},"offset":{"x":0,"y":0},"originalSize":{"width":36,"height":36},"rotated":false,"capInsets":[0,0,0,0],"packable":true,"pixelsToUnit":100,"pivot":{"x":0.5,"y":0.5},"meshType":0}],[0],0,[0],[0],[0]],[[{"name":"levelinfo_(14)","rect":{"x":3,"y":1042,"width":199,"height":199},"offset":{"x":0,"y":0},"originalSize":{"width":203,"height":203},"rotated":false,"capInsets":[0,0,0,0],"packable":true,"pixelsToUnit":100,"pivot":{"x":0.5,"y":0.5},"meshType":0}],[0],0,[0],[0],[0]],[[{"name":"btn_money","rect":{"x":537,"y":1438,"width":76,"height":78},"offset":{"x":0,"y":0},"originalSize":{"width":76,"height":78},"rotated":false,"capInsets":[0,0,0,0],"packable":true,"pixelsToUnit":100,"pivot":{"x":0.5,"y":0.5},"meshType":0}],[0],0,[0],[0],[0]],[[{"name":"UI_shouzhi_001","rect":{"x":1065,"y":846,"width":100,"height":123},"offset":{"x":0,"y":0},"originalSize":{"width":100,"height":123},"rotated":true,"capInsets":[0,0,0,0],"packable":true,"pixelsToUnit":100,"pivot":{"x":0.5,"y":0.5},"meshType":0}],[0],0,[0],[0],[0]],[[{"name":"img_money_2","rect":{"x":1477,"y":1438,"width":75,"height":73},"offset":{"x":0,"y":3},"originalSize":{"width":75,"height":79},"rotated":false,"capInsets":[0,0,0,0],"packable":true,"pixelsToUnit":100,"pivot":{"x":0.5,"y":0.5},"meshType":0}],[0],0,[0],[0],[0]],[[{"name":"ic_set_closes","rect":{"x":193,"y":1381,"width":38,"height":36},"offset":{"x":-0.5,"y":0.5},"originalSize":{"width":39,"height":37},"rotated":true,"capInsets":[0,0,0,0],"packable":true,"pixelsToUnit":100,"pivot":{"x":0.5,"y":0.5},"meshType":0}],[0],0,[0],[0],[0]],[[{"name":"img_video","rect":{"x":683,"y":3,"width":559,"height":495},"offset":{"x":0,"y":0},"originalSize":{"width":559,"height":495},"rotated":false,"capInsets":[0,0,0,0],"packable":true,"pixelsToUnit":100,"pivot":{"x":0.5,"y":0.5},"meshType":0}],[0],0,[0],[0],[0]],[[{"name":"UI_gkjl_di_002","rect":{"x":3,"y":1527,"width":190,"height":207},"offset":{"x":0,"y":0},"originalSize":{"width":190,"height":207},"rotated":false,"capInsets":[0,0,0,0],"packable":true,"pixelsToUnit":100,"pivot":{"x":0.5,"y":0.5},"meshType":0}],[0],0,[0],[0],[0]],[[{"name":"UI_js_bth_002","rect":{"x":3,"y":1248,"width":272,"height":89},"offset":{"x":0,"y":0},"originalSize":{"width":272,"height":89},"rotated":true,"capInsets":[0,0,0,0],"packable":true,"pixelsToUnit":100,"pivot":{"x":0.5,"y":0.5},"meshType":0}],[0],0,[0],[0],[0]],[[{"name":"UI_js_bth_003","rect":{"x":98,"y":1248,"width":272,"height":89},"offset":{"x":0,"y":0},"originalSize":{"width":272,"height":89},"rotated":true,"capInsets":[0,0,0,0],"packable":true,"pixelsToUnit":100,"pivot":{"x":0.5,"y":0.5},"meshType":0}],[0],0,[0],[0],[0]],[[{"name":"btn_blue","rect":{"x":1234,"y":1438,"width":289,"height":117},"offset":{"x":0,"y":0},"originalSize":{"width":289,"height":117},"rotated":true,"capInsets":[0,0,0,0],"packable":true,"pixelsToUnit":100,"pivot":{"x":0.5,"y":0.5},"meshType":0}],[0],0,[0],[0],[0]],[[{"name":"UI_js_di_001","rect":{"x":3,"y":3,"width":674,"height":366},"offset":{"x":0,"y":0},"originalSize":{"width":674,"height":366},"rotated":false,"capInsets":[0,0,0,0],"packable":true,"pixelsToUnit":100,"pivot":{"x":0.5,"y":0.5},"meshType":0}],[0],0,[0],[0],[0]],[[{"name":"ic_home_reward","rect":{"x":1065,"y":1248,"width":102,"height":101},"offset":{"x":0,"y":0},"originalSize":{"width":102,"height":101},"rotated":false,"capInsets":[0,0,0,0],"packable":true,"pixelsToUnit":100,"pivot":{"x":0.5,"y":0.5},"meshType":0}],[0],0,[0],[0],[0]],[[{"name":"img_money_6","rect":{"x":235,"y":1429,"width":111,"height":87},"offset":{"x":0,"y":3},"originalSize":{"width":111,"height":93},"rotated":false,"capInsets":[0,0,0,0],"packable":true,"pixelsToUnit":100,"pivot":{"x":0.5,"y":0.5},"meshType":0}],[0],0,[0],[0],[0]],[[{"name":"btn_purple","rect":{"x":556,"y":1037,"width":290,"height":117},"offset":{"x":0,"y":0},"originalSize":{"width":290,"height":117},"rotated":true,"capInsets":[0,0,0,0],"packable":true,"pixelsToUnit":100,"pivot":{"x":0.5,"y":0.5},"meshType":0}],[0],0,[0],[0],[0]],[[{"name":"UI_gkjl_key_002","rect":{"x":424,"y":1180,"width":57,"height":61},"offset":{"x":0,"y":0},"originalSize":{"width":57,"height":61},"rotated":false,"capInsets":[0,0,0,0],"packable":true,"pixelsToUnit":100,"pivot":{"x":0.5,"y":0.5},"meshType":0}],[0],0,[0],[0],[0]],[[{"name":"img_video","rect":{"x":679,"y":1176,"width":60,"height":37},"offset":{"x":0,"y":0},"originalSize":{"width":60,"height":37},"rotated":true,"capInsets":[0,0,0,0],"packable":true,"pixelsToUnit":100,"pivot":{"x":0.5,"y":0.5},"meshType":0}],[0],0,[0],[0],[0]],[[{"name":"img_lucky_arrow","rect":{"x":424,"y":1030,"width":126,"height":144},"offset":{"x":0,"y":0},"originalSize":{"width":126,"height":144},"rotated":false,"capInsets":[0,0,0,0],"packable":true,"pixelsToUnit":100,"pivot":{"x":0.5,"y":0.5},"meshType":0}],[0],0,[0],[0],[0]],[[{"name":"UI_yxjm_zi_002","rect":{"x":1487,"y":1180,"width":41,"height":50},"offset":{"x":0,"y":0},"originalSize":{"width":41,"height":50},"rotated":false,"capInsets":[0,0,0,0],"packable":true,"pixelsToUnit":100,"pivot":{"x":0.5,"y":0.5},"meshType":0}],[0],0,[0],[0],[0]],[[{"name":"share@2x","rect":{"x":952,"y":1357,"width":50,"height":48},"offset":{"x":0,"y":0},"originalSize":{"width":50,"height":48},"rotated":true,"capInsets":[0,0,0,0],"packable":true,"pixelsToUnit":100,"pivot":{"x":0.5,"y":0.5},"meshType":0}],[0],0,[0],[0],[0]],[[{"name":"UI_js_glow_003","rect":{"x":208,"y":1030,"width":210,"height":211},"offset":{"x":0,"y":0},"originalSize":{"width":210,"height":211},"rotated":false,"capInsets":[0,0,0,0],"packable":true,"pixelsToUnit":100,"pivot":{"x":0.5,"y":0.5},"meshType":0}],[0],0,[0],[0],[0]],[[{"name":"UI_js_zi_003","rect":{"x":679,"y":1042,"width":128,"height":36},"offset":{"x":0,"y":0},"originalSize":{"width":128,"height":36},"rotated":true,"capInsets":[0,0,0,0],"packable":true,"pixelsToUnit":100,"pivot":{"x":0.5,"y":0.5},"meshType":0}],[0],0,[0],[0],[0]],[[{"name":"UI_gkjl_sp_001","rect":{"x":1006,"y":1390,"width":41,"height":32},"offset":{"x":0,"y":0},"originalSize":{"width":41,"height":32},"rotated":true,"capInsets":[0,0,0,0],"packable":true,"pixelsToUnit":100,"pivot":{"x":0.5,"y":0.5},"meshType":0}],[0],0,[0],[0],[0]],[[{"name":"img_line","rect":{"x":1248,"y":3,"width":476,"height":88},"offset":{"x":0,"y":0},"originalSize":{"width":476,"height":88},"rotated":false,"capInsets":[0,0,0,0],"packable":true,"pixelsToUnit":100,"pivot":{"x":0.5,"y":0.5},"meshType":0}],[0],0,[0],[0],[0]],[[{"name":"img_fail_victory1","rect":{"x":1578,"y":1104,"width":197,"height":149},"offset":{"x":0,"y":0},"originalSize":{"width":197,"height":149},"rotated":true,"capInsets":[98,74,98,74],"packable":true,"pixelsToUnit":100,"pivot":{"x":0.5,"y":0.5},"meshType":0}],[0],0,[0],[0],[0]],[[{"name":"btn_set_shut","rect":{"x":1577,"y":1307,"width":157,"height":47},"offset":{"x":0,"y":0},"originalSize":{"width":157,"height":47},"rotated":false,"capInsets":[0,0,0,0],"packable":true,"pixelsToUnit":100,"pivot":{"x":0.5,"y":0.5},"meshType":0}],[0],0,[0],[0],[0]],[[{"name":"ic_home_sign","rect":{"x":455,"y":1333,"width":102,"height":98},"offset":{"x":0,"y":0},"originalSize":{"width":102,"height":98},"rotated":false,"capInsets":[0,0,0,0],"packable":true,"pixelsToUnit":100,"pivot":{"x":0.5,"y":0.5},"meshType":0}],[0],0,[0],[0],[0]],[[{"name":"UI_tlbz_004","rect":{"x":1535,"y":1073,"width":165,"height":37},"offset":{"x":0,"y":0},"originalSize":{"width":165,"height":37},"rotated":true,"capInsets":[0,0,0,0],"packable":true,"pixelsToUnit":100,"pivot":{"x":0.5,"y":0.5},"meshType":0}],[0],0,[0],[0],[0]],[[{"name":"font_day_3","rect":{"x":1666,"y":1700,"width":34,"height":48},"offset":{"x":0,"y":1},"originalSize":{"width":54,"height":54},"rotated":true,"capInsets":[0,0,0,0],"packable":true,"pixelsToUnit":100,"pivot":{"x":0.5,"y":0.5},"meshType":0}],[0],0,[0],[0],[0]],[[{"name":"UI_ts_zi_001","rect":{"x":193,"y":1438,"width":80,"height":36},"offset":{"x":0,"y":0},"originalSize":{"width":80,"height":36},"rotated":true,"capInsets":[0,0,0,0],"packable":true,"pixelsToUnit":100,"pivot":{"x":0.5,"y":0.5},"meshType":0}],[0],0,[0],[0],[0]],[[{"name":"UI_js_glow_002","rect":{"x":1188,"y":1130,"width":293,"height":293},"offset":{"x":0,"y":0},"originalSize":{"width":293,"height":293},"rotated":false,"capInsets":[0,0,0,0],"packable":true,"pixelsToUnit":100,"pivot":{"x":0.5,"y":0.5},"meshType":0}],[0],0,[0],[0],[0]],[[{"name":"ic_end_share","rect":{"x":852,"y":1248,"width":103,"height":101},"offset":{"x":0,"y":0},"originalSize":{"width":103,"height":101},"rotated":true,"capInsets":[0,0,0,0],"packable":true,"pixelsToUnit":100,"pivot":{"x":0.5,"y":0.5},"meshType":0}],[0],0,[0],[0],[0]]]]
