[1,["dbS9uYT0JPnKQSLSbpk2od@f9941","dbS9uYT0JPnKQSLSbpk2od@6c48a"],["spriteFrame","_textureSource"],["cc.SpriteFrame",["cc.LabelAtlas",["_name","fontSize","fntConfig"],0]],[[1,0,1,2,4]],[[[[0,"common_font_1",38.72,{"commonHeight":44,"fontSize":38,"atlasName":"UI_shuzi_001","fontDefDictionary":{"48":{"xOffset":0,"yOffset":0,"xAdvance":40,"rect":{"x":0,"y":0,"width":40,"height":44}},"49":{"xOffset":0,"yOffset":0,"xAdvance":40,"rect":{"x":40,"y":0,"width":40,"height":44}},"50":{"xOffset":0,"yOffset":0,"xAdvance":40,"rect":{"x":80,"y":0,"width":40,"height":44}},"51":{"xOffset":0,"yOffset":0,"xAdvance":40,"rect":{"x":120,"y":0,"width":40,"height":44}},"52":{"xOffset":0,"yOffset":0,"xAdvance":40,"rect":{"x":160,"y":0,"width":40,"height":44}},"53":{"xOffset":0,"yOffset":0,"xAdvance":40,"rect":{"x":200,"y":0,"width":40,"height":44}},"54":{"xOffset":0,"yOffset":0,"xAdvance":40,"rect":{"x":240,"y":0,"width":40,"height":44}},"55":{"xOffset":0,"yOffset":0,"xAdvance":40,"rect":{"x":280,"y":0,"width":40,"height":44}},"56":{"xOffset":0,"yOffset":0,"xAdvance":40,"rect":{"x":320,"y":0,"width":40,"height":44}},"57":{"xOffset":0,"yOffset":0,"xAdvance":40,"rect":{"x":360,"y":0,"width":40,"height":44}}},"kerningDict":{}}]],0,0,[0],[0],[0]],[[{"name":"UI_shuzi_001","rect":{"x":5,"y":0,"width":389,"height":43},"offset":{"x":-0.5,"y":0.5},"originalSize":{"width":400,"height":44},"rotated":false,"capInsets":[0,0,0,0],"vertices":{"rawPosition":[-194.5,-21.5,0,194.5,-21.5,0,-194.5,21.5,0,194.5,21.5,0],"indexes":[0,1,2,2,1,3],"uv":[5,44,394,44,5,1,394,1],"nuv":[0.0125,0.022727272727272728,0.985,0.022727272727272728,0.0125,1,0.985,1],"minPos":{"x":-194.5,"y":-21.5,"z":0},"maxPos":{"x":194.5,"y":21.5,"z":0}},"packable":true,"pixelsToUnit":100,"pivot":{"x":0.5,"y":0.5},"meshType":0}],[0],0,[0],[1],[1]]]]
