[1,["3dCaj4gVFGZ5+/xK9Lcu32","02AB9B0sBP57C/ZBPV3K8X@f9941","a568pHUnlOEZRLV/IhhLQz@f9941","f5a1OniDJH2ZUEJFPpqz7G@f9941","a7JtEShhZLW4UUBOuDGL6f@f9941","36wcpl37VGR674GzA+ifVh@f9941","02AB9B0sBP57C/ZBPV3K8X@6c48a","36wcpl37VGR674GzA+ifVh@6c48a","6dTLGv435BCYkDcuIqyCsO@6c48a","a568pHUnlOEZRLV/IhhLQz@6c48a","a7JtEShhZLW4UUBOuDGL6f@6c48a","17bO+cVxNMkrLYVeCEct7c","6dTLGv435BCYkDcuIqyCsO@f9941","f0+xcrROdJhbjVKQQsOzjp@f9941","d0MqyYBeFAkIi762QNy1/B@b47c0","6fAc9/gb9Kfr1dCvwZaWSA@b47c0","b2Ao72eG5I3qPFjFFiUSLz","f0+xcrROdJhbjVKQQsOzjp@6c48a","f5a1OniDJH2ZUEJFPpqz7G@6c48a"],["node","_spriteFrame","_textureSource","_font","_parent","_cameraComponent","progressLabel","progressBar","_barSprite","scene","_envmapHDR","_envmapLDR"],[["cc.Node",["_name","_layer","_active","_id","_components","_parent","_children","_lpos","_lrot","_lscale","_euler"],-1,9,1,2,5,5,5,5],"cc.SpriteFrame","cc.ImageAsset",["cc.Sprite",["_type","_sizeMode","node","_spriteFrame"],1,1,6],["cc.Label",["_string","_actualFontSize","_fontSize","_isSystemFontUsed","_spacingX","_lineHeight","_isItalic","_isBold","_enableShadow","node","_font","_color","_shadowOffset"],-6,1,6,5,5],["cc.Widget",["_alignFlags","_originalWidth","_originalHeight","_left","_right","_enabled","_top","_bottom","node"],-5,1],["cc.Node",["_name","_layer","_active","_parent","_components","_lpos","_children"],0,1,12,5,2],["cc.UITransform",["node","_contentSize","_anchorPoint"],3,1,5,5],["294f6Gp3tZL54Z4UhFK7L8G",["animTime","enterDirection","easingType","isOpacityAnim","node"],-1,1],"cc.TextureCube",["cc.TTFFont",["_name","_native"],1],["cc.SceneAsset",["_name"],2],["cc.Node",["_name","_parent","_components","_lpos"],2,1,2,5],["cc.Canvas",["node","_cameraComponent"],3,1,1],["f7903wvDfZLQbSfwI6ZTa3d",["node"],3,1],["1f545voEX9J/5kNmpfK4F2Q",["node"],3,1],["cc.BlockInputEvents",["node"],3,1],["21d518DboJGArJ/Xi3WNGGO",["node","progressBar","progressLabel"],3,1,1,1],["cc.ProgressBar",["_totalLength","_progress","node","_barSprite"],1,1,1],["cc.Layout",["_resizeMode","_layoutType","_paddingLeft","_paddingRight","node"],-1,1],["2acbaoCi2tKKYcDA4TNzCyQ",["testBanner","node"],2,1],["03e12tAEkBD77pu9ei0mpN/",["node","tipNode"],3,1,1],["cc.Scene",["_name","_children","_prefab","_globals"],2,2,4,4],["cc.PrefabInfo",["root","asset","fileId","instance","nestedPrefabInstanceRoots","targetOverrides"],-3],["cc.SceneGlobals",["ambient","shadows","_skybox","fog","octree","skin","lightProbeInfo","postSettings"],3,4,4,4,4,4,4,4,4],["cc.AmbientInfo",["_skyIllumLDR","_skyColorHDR","_groundAlbedoHDR","_skyColorLDR","_groundAlbedoLDR"],2,5,5,5,5],["cc.ShadowsInfo",["_enabled","_maxReceived","_shadowColor"],1,5],["cc.SkyboxInfo",["_enabled","_envmapHDR","_envmapLDR"],2,6,6],["cc.FogInfo",["_fogDensity","_fogStart","_fogEnd","_fogColor"],0,5],["cc.OctreeInfo",[],3],["cc.SkinInfo",[],3],["cc.LightProbeInfo",[],3],["cc.PostSettingsInfo",[],3],["cc.Camera",["_projection","_priority","_orthoHeight","_far","_clearFlags","_visibility","node","_color"],-3,1,5],["26c3aXLN61GOox0IInQZMpO",["node"],3,1],["cc.DirectionalLight",["_illuminanceHDR","_shadowEnabled","_shadowPcf","_shadowSaturation","node","_staticSettings"],-1,1,4],["cc.StaticLightSettings",[],3]],[[7,0,1,1],[5,0,1,2,8,4],[0,0,1,5,4,3],[0,0,1,5,4,7,3],[3,2,3,1],[4,0,1,2,5,3,6,7,8,9,11,12,10,9],[0,0,1,5,6,4,3],[3,0,1,2,3,3],[4,0,1,2,9,4],[0,0,1,5,6,4,7,8,9,10,3],[0,0,2,1,5,4,7,9,4],[6,0,1,3,4,5,3],[7,0,1],[7,0,1,2,1],[5,5,0,6,7,1,2,8,7],[16,0,1],[3,1,2,3,2],[3,0,1,2,3],[18,0,1,2,3,3],[10,0,1,3],[11,0,2],[0,0,1,6,4,3],[0,0,1,3,6,4,7,4],[0,0,2,1,5,6,4,4],[0,0,1,5,6,4,7,3],[0,0,2,1,6,4,4],[0,0,2,1,5,4,4],[0,0,2,1,5,4,7,4],[0,0,3,5,4,3],[0,0,3,5,4,7,8,10,3],[6,0,2,1,3,6,4,5,4],[6,0,1,3,4,3],[12,0,1,2,3,2],[5,0,3,4,8,4],[5,0,8,2],[13,0,1,1],[14,0,1],[15,0,1],[3,0,2,3,2],[17,0,1,2,1],[19,0,1,2,3,4,5],[8,1,2,0,4,4],[8,0,3,4,3],[20,0,1,2],[21,0,1,1],[22,0,1,2,3,2],[23,0,1,2,3,4,5,7],[24,0,1,2,3,4,5,6,7,1],[25,0,1,2,3,4,2],[26,0,1,2,3],[27,0,1,2,2],[28,0,1,2,3,4],[29,1],[30,1],[31,1],[32,1],[4,0,1,2,3,4,9,10,6],[4,0,1,4,9,4],[4,0,1,2,3,4,9,6],[33,0,1,2,3,4,5,6,7,7],[34,0,1],[35,0,1,2,3,4,5,5],[36,1]],[[[{"name":"bg","rect":{"x":0,"y":0,"width":720,"height":1600},"offset":{"x":0,"y":0},"originalSize":{"width":720,"height":1600},"rotated":false,"capInsets":[0,0,0,0],"vertices":{"rawPosition":[-360,-800,0,360,-800,0,-360,800,0,360,800,0],"indexes":[0,1,2,2,1,3],"uv":[0,1600,720,1600,0,0,720,0],"nuv":[0,0,1,0,0,1,1,1],"minPos":{"x":-360,"y":-800,"z":0},"maxPos":{"x":360,"y":800,"z":0}},"packable":true,"pixelsToUnit":100,"pivot":{"x":0.5,"y":0.5},"meshType":0}],[1],0,[0],[2],[6]],[[{"name":"UI_loading_di_02","rect":{"x":8,"y":6,"width":971,"height":24},"offset":{"x":0,"y":0},"originalSize":{"width":987,"height":36},"rotated":false,"capInsets":[12,0,12,0],"vertices":{"rawPosition":[-485.5,-12,0,485.5,-12,0,-485.5,12,0,485.5,12,0],"indexes":[0,1,2,2,1,3],"uv":[8,30,979,30,8,6,979,6],"nuv":[0.008105369807497468,0.16666666666666666,0.9918946301925026,0.16666666666666666,0.008105369807497468,0.8333333333333334,0.9918946301925026,0.8333333333333334],"minPos":{"x":-485.5,"y":-12,"z":0},"maxPos":{"x":485.5,"y":12,"z":0}},"packable":true,"pixelsToUnit":100,"pivot":{"x":0.5,"y":0.5},"meshType":0}],[1],0,[0],[2],[7]],[[[19,"AaFredokaOne","AaFredokaOne.ttf"],-1],0,0,[],[],[]],[[{"name":"common_ui_white","rect":{"x":0,"y":0,"width":128,"height":128},"offset":{"x":0,"y":0},"originalSize":{"width":128,"height":128},"rotated":false,"capInsets":[0,0,0,0],"vertices":{"rawPosition":[-64,-64,0,64,-64,0,-64,64,0,64,64,0],"indexes":[0,1,2,2,1,3],"uv":[0,128,128,128,0,0,128,0],"nuv":[0,0,1,0,0,1,1,1],"minPos":{"x":-64,"y":-64,"z":0},"maxPos":{"x":64,"y":64,"z":0}},"packable":false,"pixelsToUnit":100,"pivot":{"x":0.5,"y":0.5},"meshType":0}],[1],0,[0],[2],[8]],[[{"name":"font_%","rect":{"x":2,"y":2,"width":18,"height":23},"offset":{"x":0,"y":0},"originalSize":{"width":22,"height":27},"rotated":false,"capInsets":[0,0,0,0],"vertices":{"rawPosition":[-9,-11.5,0,9,-11.5,0,-9,11.5,0,9,11.5,0],"indexes":[0,1,2,2,1,3],"uv":[2,25,20,25,2,2,20,2],"nuv":[0.09090909090909091,0.07407407407407407,0.9090909090909091,0.07407407407407407,0.09090909090909091,0.9259259259259259,0.9090909090909091,0.9259259259259259],"minPos":{"x":-9,"y":-11.5,"z":0},"maxPos":{"x":9,"y":11.5,"z":0}},"packable":true,"pixelsToUnit":100,"pivot":{"x":0.5,"y":0.5},"meshType":0}],[1],0,[0],[2],[9]],[[{"name":"Ziggy_Default5","rect":{"x":0,"y":0,"width":220,"height":250},"offset":{"x":0,"y":0},"originalSize":{"width":220,"height":250},"rotated":false,"capInsets":[0,0,0,0],"vertices":{"rawPosition":[-110,-125,0,110,-125,0,-110,125,0,110,125,0],"indexes":[0,1,2,2,1,3],"uv":[0,250,220,250,0,0,220,0],"nuv":[0,0,1,0,0,1,1,1],"minPos":{"x":-110,"y":-125,"z":0},"maxPos":{"x":110,"y":125,"z":0}},"packable":true,"pixelsToUnit":100,"pivot":{"x":0.5,"y":0.5},"meshType":0}],[1],0,[0],[2],[10]],[[[20,"mainScene"],[21,"UILayer",33554432,[-3,-4,-5,-6,-7,-8,-9,-10,-11,-12,-13,-14,-15,-16,-17,-18,-19,-20,-21,-22,-23],[[0,-1,[5,720,1280]],[1,45,100,100,-2]]],[22,"Canvas",33554432,"ebKKJkPSVPuLwFzEewa66K",[-29,-30,1,-31,-32,-33,-34],[[0,-24,[5,720,1280]],[35,-26,-25],[33,45,-5.684341886080802e-14,-5.684341886080802e-14,-27],[36,-28]],[1,359.99999999999994,640,0]],[23,"InitUI",false,33554432,2,[-38,-39,-40,-41,-42],[[0,-35,[5,720,1280]],[1,45,100,100,-36],[37,-37]]],[6,"LoaderUI",33554432,2,[-46,-47,-48,-49,-50],[[0,-43,[5,720,1280]],[1,45,100,100,-44],[15,-45]]],[30,"ProgressBar",false,33554432,3,[-57,-58,-59],[[[0,-51,[5,987,36]],[38,1,-52,4],-53,[39,-56,-55,-54]],4,4,1,4],[1,0,-485.171,0]],[24,"ProgressBar",33554432,4,[-64,-65,-66,-67],[[0,-60,[5,600,36]],[7,1,0,-61,11],[18,590,1,-63,-62]],[1,0,-485.171,0]],[25,"tipNode",false,33554432,[-72],[[0,-68,[5,144,64]],[7,1,0,-69,14],[40,1,1,20,20,-70],[41,6,4,0.3,-71]]],[2,"bg",33554432,4,[[0,-73,[5,720,1600]],[4,-74,6],[14,false,45,-80,-80,100,100,-75],[42,0.3,true,-76]]],[6,"AdLayer",33554432,2,[-80],[[0,-77,[5,720,1280]],[43,true,-78],[1,45,100,100,-79]]],[6,"TipUI",33554432,2,[7],[[0,-81,[5,720,1280]],[44,-82,7],[1,45,100,100,-83]]],[45,"mainScene",[2,-84,-85],[46,null,null,"bbb59ba6-7ce4-401f-9a6b-59b18b1e88cf",null,null,[]],[47,[48,0.5208,[2,1,1,1,0.520833125],[2,0.8862745098039215,0.9137254901960784,1,1],[2,0.519964,0.630786,0.905039,0.5208],[2,0.519544,0.630484,0.905069,0]],[49,true,2,[4,973078528]],[50,true,15,16],[51,0.24,1,1000,[4,1979705222]],[52],[53],[54],[55]]],[2,"bg",33554432,3,[[0,-86,[5,720,1600]],[4,-87,0],[14,false,45,-80,-80,720,1440,-88]]],[9,"logo",33554432,3,[-90,-91],[[12,-89]],[1,0,428,0],[3,0,0,0.019197442399689665,0.9998157121216442],[1,1.2,1.2,1],[1,0,0,2.1999999999999997]],[9,"logo",33554432,4,[-93,-94],[[12,-92]],[1,0,428,0],[3,0,0,0.01919744239968967,0.9998157121216442],[1,1.2,1.2,1],[1,0,0,2.2]],[26,"TouchMask",false,33554432,2,[[0,-95,[5,750,1280]],[1,45,100,100,-96],[15,-97]]],[27,"testBanner",false,33554432,9,[[0,-98,[5,600,200]],[7,1,0,-99,13],[34,4,-100]],[1,0,-540,0]],[3,"Label",33554432,13,[[0,-101,[5,472.55004292036824,113.4]],[5,"NEXT DAY",90,90,90,false,true,true,true,-102,[4,4278244863],[0,5,-8],1]],[1,0,50,0]],[3,"Label-001",33554432,13,[[0,-103,[5,371.1200807621651,113.4]],[5,"BATTLE",90,90,90,false,true,true,true,-104,[4,4294931455],[0,5,-8],2]],[1,0,-50,0]],[11,"Bar",33554432,5,[[[13,-105,[5,971,24],[0,0,0.5]],-106],4,1],[1,-485,0,0]],[31,"Label",33554432,5,[[[0,-107,[5,46.47,40]],-108],4,1]],[3,"font_%",33554432,5,[[0,-109,[5,18,23]],[4,-110,3]],[1,30,-1.058,0]],[3,"OwnerLabel",33554432,3,[[0,-111,[5,0,50.4]],[8,"",20,20,-112]],[1,0,-557.899,0]],[10,"Sprite",false,33554432,3,[[0,-113,[5,220,250]],[16,0,-114,5]],[1,0,-336,0],[1,0.8,0.8,1]],[2,"LevelController",33554432,1,[[0,-115,[5,720,1280]],[1,45,100,100,-116]]],[2,"LevelInfoUI",33554432,1,[[0,-117,[5,720,1280]],[1,45,100,100,-118]]],[2,"HomeUI",33554432,1,[[0,-119,[5,720,1280]],[1,45,100,100,-120]]],[2,"ShopUI",33554432,1,[[0,-121,[5,720,1280]],[1,45,100,100,-122]]],[2,"SettingUI",33554432,1,[[0,-123,[5,720,1280]],[1,45,100,100,-124]]],[2,"TurntableUI",33554432,1,[[0,-125,[5,720,1280]],[1,45,100,100,-126]]],[2,"OnlineAwardUI",33554432,1,[[0,-127,[5,720,1280]],[1,45,100,100,-128]]],[2,"FinishAwardBoxUI",33554432,1,[[0,-129,[5,720,1280]],[1,45,100,100,-130]]],[2,"WinUI",33554432,1,[[0,-131,[5,720,1280]],[1,45,100,100,-132]]],[2,"LoseUI",33554432,1,[[0,-133,[5,720,1280]],[1,45,100,100,-134]]],[2,"TipUI",33554432,1,[[0,-135,[5,720,1280]],[1,45,100,100,-136]]],[2,"FreeGoldUI",33554432,1,[[0,-137,[5,720,1280]],[1,45,100,100,-138]]],[2,"TurntableUI",33554432,1,[[0,-139,[5,720,1280]],[1,45,100,100,-140]]],[2,"AwardUI",33554432,1,[[0,-141,[5,720,1280]],[1,45,100,100,-142]]],[2,"SignUI",33554432,1,[[0,-143,[5,720,1280]],[1,45,100,100,-144]]],[2,"ResurgenceUI",33554432,1,[[0,-145,[5,720,1280]],[1,45,100,100,-146]]],[2,"PlayerAssetsUI",33554432,1,[[0,-147,[5,720,1280]],[1,45,100,100,-148]]],[2,"PrivacyUI",33554432,1,[[0,-149,[5,720,1280]],[1,45,100,100,-150]]],[2,"FakeLevelAdUI",33554432,1,[[0,-151,[5,720,1280]],[1,45,100,100,-152]]],[2,"UnlockPopUI",33554432,1,[[0,-153,[5,720,1280]],[1,45,100,100,-154]]],[2,"CustomAdUI",33554432,1,[[0,-155,[5,720,1280]],[1,45,100,100,-156]]],[3,"Label",33554432,14,[[0,-157,[5,472.55004292036824,113.4]],[5,"NEXT DAY",90,90,90,false,true,true,true,-158,[4,4278244863],[0,5,-8],7]],[1,0,50,0]],[3,"Label-001",33554432,14,[[0,-159,[5,371.1200807621651,113.4]],[5,"BATTLE",90,90,90,false,true,true,true,-160,[4,4294931455],[0,5,-8],8]],[1,0,-50,0]],[11,"Bar",33554432,6,[[[13,-161,[5,590,22],[0,0,0.5]],-162],4,1],[1,-295,0,0]],[2,"Label",33554432,6,[[0,-163,[5,65.79,40]],[56,"100",24,24,false,-5,-164,9]]],[3,"font_%",33554432,6,[[0,-165,[5,18,23]],[4,-166,10]],[1,39.1,-1.058,0]],[3,"Desc",33554432,6,[[0,-167,[5,0,50.4]],[57,"",40,-5,-168]],[1,0,46.671,0]],[3,"OwnerLabel",33554432,4,[[0,-169,[5,0,50.4]],[8,"",20,20,-170]],[1,0,-557.899,0]],[10,"Sprite",false,33554432,4,[[0,-171,[5,220,250]],[16,0,-172,12]],[1,0,-336,0],[1,0.8,0.8,1]],[2,"tip",33554432,7,[[0,-173,[5,104,50.4]],[8,"提示信息",26,26,-174]]],[32,"CameraUI",2,[-175],[1,0,0,1000]],[59,0,1073741824,640,2000,6,33554432,54,[4,4278190080]],[17,1,0,19],[58,"80",24,24,false,-10,20],[18,971,1,5,56],[17,1,0,47],[28,"GameDirector","b8gYbVtNJH57rc60Q0hSPL",11,[[60,-176]]],[29,"Directional Light","032/6VP1RLZoNTTXByMf7x",11,[[61,75000,true,2,0.89,-177,[62]]],[1,14.44,15.011,-7.408],[3,-0.5350249861174251,-0.07037539694062508,-0.40049779606209573,0.7405383738098267],[1,-82.835,-38.521,-31.189]]],0,[0,0,1,0,0,1,0,-1,24,0,-2,25,0,-3,26,0,-4,27,0,-5,28,0,-6,29,0,-7,30,0,-8,31,0,-9,32,0,-10,33,0,-11,34,0,-12,35,0,-13,36,0,-14,37,0,-15,38,0,-16,39,0,-17,40,0,-18,41,0,-19,42,0,-20,43,0,-21,44,0,0,2,0,5,55,0,0,2,0,0,2,0,0,2,0,-1,54,0,-2,3,0,-4,4,0,-5,15,0,-6,9,0,-7,10,0,0,3,0,0,3,0,0,3,0,-1,12,0,-2,13,0,-3,5,0,-4,22,0,-5,23,0,0,4,0,0,4,0,0,4,0,-1,8,0,-2,14,0,-3,6,0,-4,51,0,-5,52,0,0,5,0,0,5,0,-3,58,0,6,57,0,7,58,0,0,5,0,-1,19,0,-2,20,0,-3,21,0,0,6,0,0,6,0,8,59,0,0,6,0,-1,47,0,-2,48,0,-3,49,0,-4,50,0,0,7,0,0,7,0,0,7,0,0,7,0,-1,53,0,0,8,0,0,8,0,0,8,0,0,8,0,0,9,0,0,9,0,0,9,0,-1,16,0,0,10,0,0,10,0,0,10,0,-2,60,0,-3,61,0,0,12,0,0,12,0,0,12,0,0,13,0,-1,17,0,-2,18,0,0,14,0,-1,45,0,-2,46,0,0,15,0,0,15,0,0,15,0,0,16,0,0,16,0,0,16,0,0,17,0,0,17,0,0,18,0,0,18,0,0,19,0,-2,56,0,0,20,0,-2,57,0,0,21,0,0,21,0,0,22,0,0,22,0,0,23,0,0,23,0,0,24,0,0,24,0,0,25,0,0,25,0,0,26,0,0,26,0,0,27,0,0,27,0,0,28,0,0,28,0,0,29,0,0,29,0,0,30,0,0,30,0,0,31,0,0,31,0,0,32,0,0,32,0,0,33,0,0,33,0,0,34,0,0,34,0,0,35,0,0,35,0,0,36,0,0,36,0,0,37,0,0,37,0,0,38,0,0,38,0,0,39,0,0,39,0,0,40,0,0,40,0,0,41,0,0,41,0,0,42,0,0,42,0,0,43,0,0,43,0,0,44,0,0,44,0,0,45,0,0,45,0,0,46,0,0,46,0,0,47,0,-2,59,0,0,48,0,0,48,0,0,49,0,0,49,0,0,50,0,0,50,0,0,51,0,0,51,0,0,52,0,0,52,0,0,53,0,0,53,0,-1,55,0,0,60,0,0,61,0,9,11,1,4,2,2,4,11,7,4,10,177],[0,0,0,0,0,0,0,0,0,0,0,0,0,0,0,0,0,56,57,59],[1,3,3,1,1,1,1,3,3,3,1,1,1,1,1,10,11,1,3,1],[1,0,0,2,3,4,1,0,0,11,2,3,4,12,13,14,15,5,16,5]],[[{"base":"2,2,0,0,2,0","rgbe":true,"mipmaps":[{"front":"d0MqyYBeFAkIi762QNy1/B@b47c0@e9a6d","back":"d0MqyYBeFAkIi762QNy1/B@b47c0@40c10","left":"d0MqyYBeFAkIi762QNy1/B@b47c0@8fd34","right":"d0MqyYBeFAkIi762QNy1/B@b47c0@74afd","top":"d0MqyYBeFAkIi762QNy1/B@b47c0@bb97f","bottom":"d0MqyYBeFAkIi762QNy1/B@b47c0@7d38f"}]}],[9],0,[],[],[]],[[{"fmt":"0","w":0,"h":0},-1],[2],0,[],[],[]],[[{"fmt":"0","w":0,"h":0},-1],[2],0,[],[],[]],[[{"fmt":"0","w":0,"h":0},-1],[2],0,[],[],[]],[[{"fmt":"0","w":0,"h":0},-1],[2],0,[],[],[]],[[{"fmt":"0","w":0,"h":0},-1],[2],0,[],[],[]],[[{"fmt":"0","w":0,"h":0},-1],[2],0,[],[],[]],[[{"name":"frame_tips","rect":{"x":0,"y":0,"width":266,"height":70},"offset":{"x":0,"y":0},"originalSize":{"width":266,"height":70},"rotated":false,"capInsets":[18,18,18,18],"vertices":{"rawPosition":[-133,-35,0,133,-35,0,-133,35,0,133,35,0],"indexes":[0,1,2,2,1,3],"uv":[0,70,266,70,0,0,266,0],"nuv":[0,0,1,0,0,1,1,1],"minPos":{"x":-133,"y":-35,"z":0},"maxPos":{"x":133,"y":35,"z":0}},"packable":true,"pixelsToUnit":100,"pivot":{"x":0.5,"y":0.5},"meshType":0}],[1],0,[0],[2],[17]],[[{"name":"UI_loading_di_01","rect":{"x":0,"y":0,"width":987,"height":36},"offset":{"x":0,"y":0},"originalSize":{"width":987,"height":36},"rotated":false,"capInsets":[25,0,25,0],"vertices":{"rawPosition":[-493.5,-18,0,493.5,-18,0,-493.5,18,0,493.5,18,0],"indexes":[0,1,2,2,1,3],"uv":[0,36,987,36,0,0,987,0],"nuv":[0,0,1,0,0,1,1,1],"minPos":{"x":-493.5,"y":-18,"z":0},"maxPos":{"x":493.5,"y":18,"z":0}},"packable":true,"pixelsToUnit":100,"pivot":{"x":0.5,"y":0.5},"meshType":0}],[1],0,[0],[2],[18]]]]
